trajectory_id,window_slice_idx,data_origin,source_partition,window_size
REAL_HISTORICAL_2020_2021,0,real,2020-2021,14
REAL_HISTORICAL_2020_2021,1,real,2020-2021,14
REAL_HISTORICAL_2020_2021,2,real,2020-2021,14
REAL_HISTORICAL_2020_2021,3,real,2020-2021,14
REAL_HISTORICAL_2020_2021,4,real,2020-2021,14
REAL_HISTORICAL_2020_2021,5,real,2020-2021,14
REAL_HISTORICAL_2020_2021,6,real,2020-2021,14
REAL_HISTORICAL_2020_2021,7,real,2020-2021,14
REAL_HISTORICAL_2020_2021,8,real,2020-2021,14
REAL_HISTORICAL_2020_2021,9,real,2020-2021,14
REAL_HISTORICAL_2020_2021,10,real,2020-2021,14
REAL_HISTORICAL_2020_2021,11,real,2020-2021,14
REAL_HISTORICAL_2020_2021,12,real,2020-2021,14
REAL_HISTORICAL_2020_2021,13,real,2020-2021,14
REAL_HISTORICAL_2020_2021,14,real,2020-2021,14
REAL_HISTORICAL_2020_2021,15,real,2020-2021,14
REAL_HISTORICAL_2020_2021,16,real,2020-2021,14
REAL_HISTORICAL_2020_2021,17,real,2020-2021,14
REAL_HISTORICAL_2020_2021,18,real,2020-2021,14
REAL_HISTORICAL_2020_2021,19,real,2020-2021,14
REAL_HISTORICAL_2020_2021,20,real,2020-2021,14
REAL_HISTORICAL_2020_2021,21,real,2020-2021,14
REAL_HISTORICAL_2020_2021,22,real,2020-2021,14
REAL_HISTORICAL_2020_2021,23,real,2020-2021,14
REAL_HISTORICAL_2020_2021,24,real,2020-2021,14
REAL_HISTORICAL_2020_2021,25,real,2020-2021,14
REAL_HISTORICAL_2020_2021,26,real,2020-2021,14
REAL_HISTORICAL_2020_2021,27,real,2020-2021,14
REAL_HISTORICAL_2020_2021,28,real,2020-2021,14
REAL_HISTORICAL_2020_2021,29,real,2020-2021,14
REAL_HISTORICAL_2020_2021,30,real,2020-2021,14
REAL_HISTORICAL_2020_2021,31,real,2020-2021,14
REAL_HISTORICAL_2020_2021,32,real,2020-2021,14
REAL_HISTORICAL_2020_2021,33,real,2020-2021,14
REAL_HISTORICAL_2020_2021,34,real,2020-2021,14
REAL_HISTORICAL_2020_2021,35,real,2020-2021,14
REAL_HISTORICAL_2020_2021,36,real,2020-2021,14
REAL_HISTORICAL_2020_2021,37,real,2020-2021,14
REAL_HISTORICAL_2020_2021,38,real,2020-2021,14
REAL_HISTORICAL_2020_2021,39,real,2020-2021,14
REAL_HISTORICAL_2020_2021,40,real,2020-2021,14
REAL_HISTORICAL_2020_2021,41,real,2020-2021,14
REAL_HISTORICAL_2020_2021,42,real,2020-2021,14
REAL_HISTORICAL_2020_2021,43,real,2020-2021,14
REAL_HISTORICAL_2020_2021,44,real,2020-2021,14
REAL_HISTORICAL_2020_2021,45,real,2020-2021,14
REAL_HISTORICAL_2020_2021,46,real,2020-2021,14
REAL_HISTORICAL_2020_2021,47,real,2020-2021,14
REAL_HISTORICAL_2020_2021,48,real,2020-2021,14
REAL_HISTORICAL_2020_2021,49,real,2020-2021,14
REAL_HISTORICAL_2020_2021,50,real,2020-2021,14
REAL_HISTORICAL_2020_2021,51,real,2020-2021,14
REAL_HISTORICAL_2020_2021,52,real,2020-2021,14
REAL_HISTORICAL_2020_2021,53,real,2020-2021,14
REAL_HISTORICAL_2020_2021,54,real,2020-2021,14
REAL_HISTORICAL_2020_2021,55,real,2020-2021,14
REAL_HISTORICAL_2020_2021,56,real,2020-2021,14
REAL_HISTORICAL_2020_2021,57,real,2020-2021,14
REAL_HISTORICAL_2020_2021,58,real,2020-2021,14
REAL_HISTORICAL_2020_2021,59,real,2020-2021,14
REAL_HISTORICAL_2020_2021,60,real,2020-2021,14
REAL_HISTORICAL_2020_2021,61,real,2020-2021,14
REAL_HISTORICAL_2020_2021,62,real,2020-2021,14
REAL_HISTORICAL_2020_2021,63,real,2020-2021,14
REAL_HISTORICAL_2020_2021,64,real,2020-2021,14
REAL_HISTORICAL_2020_2021,65,real,2020-2021,14
REAL_HISTORICAL_2020_2021,66,real,2020-2021,14
REAL_HISTORICAL_2020_2021,67,real,2020-2021,14
REAL_HISTORICAL_2020_2021,68,real,2020-2021,14
REAL_HISTORICAL_2020_2021,69,real,2020-2021,14
REAL_HISTORICAL_2020_2021,70,real,2020-2021,14
REAL_HISTORICAL_2020_2021,71,real,2020-2021,14
REAL_HISTORICAL_2020_2021,72,real,2020-2021,14
REAL_HISTORICAL_2020_2021,73,real,2020-2021,14
REAL_HISTORICAL_2020_2021,74,real,2020-2021,14
REAL_HISTORICAL_2020_2021,75,real,2020-2021,14
REAL_HISTORICAL_2020_2021,76,real,2020-2021,14
REAL_HISTORICAL_2020_2021,77,real,2020-2021,14
REAL_HISTORICAL_2020_2021,78,real,2020-2021,14
REAL_HISTORICAL_2020_2021,79,real,2020-2021,14
REAL_HISTORICAL_2020_2021,80,real,2020-2021,14
REAL_HISTORICAL_2020_2021,81,real,2020-2021,14
REAL_HISTORICAL_2020_2021,82,real,2020-2021,14
REAL_HISTORICAL_2020_2021,83,real,2020-2021,14
REAL_HISTORICAL_2020_2021,84,real,2020-2021,14
REAL_HISTORICAL_2020_2021,85,real,2020-2021,14
REAL_HISTORICAL_2020_2021,86,real,2020-2021,14
REAL_HISTORICAL_2020_2021,87,real,2020-2021,14
REAL_HISTORICAL_2020_2021,88,real,2020-2021,14
REAL_HISTORICAL_2020_2021,89,real,2020-2021,14
REAL_HISTORICAL_2020_2021,90,real,2020-2021,14
REAL_HISTORICAL_2020_2021,91,real,2020-2021,14
REAL_HISTORICAL_2020_2021,92,real,2020-2021,14
REAL_HISTORICAL_2020_2021,93,real,2020-2021,14
REAL_HISTORICAL_2020_2021,94,real,2020-2021,14
REAL_HISTORICAL_2020_2021,95,real,2020-2021,14
REAL_HISTORICAL_2020_2021,96,real,2020-2021,14
REAL_HISTORICAL_2020_2021,97,real,2020-2021,14
REAL_HISTORICAL_2020_2021,98,real,2020-2021,14
REAL_HISTORICAL_2020_2021,99,real,2020-2021,14
REAL_HISTORICAL_2020_2021,100,real,2020-2021,14
REAL_HISTORICAL_2020_2021,101,real,2020-2021,14
REAL_HISTORICAL_2020_2021,102,real,2020-2021,14
REAL_HISTORICAL_2020_2021,103,real,2020-2021,14
REAL_HISTORICAL_2020_2021,104,real,2020-2021,14
REAL_HISTORICAL_2020_2021,105,real,2020-2021,14
REAL_HISTORICAL_2020_2021,106,real,2020-2021,14
REAL_HISTORICAL_2020_2021,107,real,2020-2021,14
REAL_HISTORICAL_2020_2021,108,real,2020-2021,14
REAL_HISTORICAL_2020_2021,109,real,2020-2021,14
REAL_HISTORICAL_2020_2021,110,real,2020-2021,14
REAL_HISTORICAL_2020_2021,111,real,2020-2021,14
REAL_HISTORICAL_2020_2021,112,real,2020-2021,14
REAL_HISTORICAL_2020_2021,113,real,2020-2021,14
REAL_HISTORICAL_2020_2021,114,real,2020-2021,14
REAL_HISTORICAL_2020_2021,115,real,2020-2021,14
REAL_HISTORICAL_2020_2021,116,real,2020-2021,14
REAL_HISTORICAL_2020_2021,117,real,2020-2021,14
REAL_HISTORICAL_2020_2021,118,real,2020-2021,14
REAL_HISTORICAL_2020_2021,119,real,2020-2021,14
REAL_HISTORICAL_2020_2021,120,real,2020-2021,14
REAL_HISTORICAL_2020_2021,121,real,2020-2021,14
REAL_HISTORICAL_2020_2021,122,real,2020-2021,14
REAL_HISTORICAL_2020_2021,123,real,2020-2021,14
REAL_HISTORICAL_2020_2021,124,real,2020-2021,14
REAL_HISTORICAL_2020_2021,125,real,2020-2021,14
REAL_HISTORICAL_2020_2021,126,real,2020-2021,14
REAL_HISTORICAL_2020_2021,127,real,2020-2021,14
REAL_HISTORICAL_2020_2021,128,real,2020-2021,14
REAL_HISTORICAL_2020_2021,129,real,2020-2021,14
REAL_HISTORICAL_2020_2021,130,real,2020-2021,14
REAL_HISTORICAL_2020_2021,131,real,2020-2021,14
REAL_HISTORICAL_2020_2021,132,real,2020-2021,14
REAL_HISTORICAL_2020_2021,133,real,2020-2021,14
REAL_HISTORICAL_2020_2021,134,real,2020-2021,14
REAL_HISTORICAL_2020_2021,135,real,2020-2021,14
REAL_HISTORICAL_2020_2021,136,real,2020-2021,14
REAL_HISTORICAL_2020_2021,137,real,2020-2021,14
REAL_HISTORICAL_2020_2021,138,real,2020-2021,14
REAL_HISTORICAL_2020_2021,139,real,2020-2021,14
REAL_HISTORICAL_2020_2021,140,real,2020-2021,14
REAL_HISTORICAL_2020_2021,141,real,2020-2021,14
REAL_HISTORICAL_2020_2021,142,real,2020-2021,14
REAL_HISTORICAL_2020_2021,143,real,2020-2021,14
REAL_HISTORICAL_2020_2021,144,real,2020-2021,14
REAL_HISTORICAL_2020_2021,145,real,2020-2021,14
REAL_HISTORICAL_2020_2021,146,real,2020-2021,14
REAL_HISTORICAL_2020_2021,147,real,2020-2021,14
REAL_HISTORICAL_2020_2021,148,real,2020-2021,14
REAL_HISTORICAL_2020_2021,149,real,2020-2021,14
REAL_HISTORICAL_2020_2021,150,real,2020-2021,14
REAL_HISTORICAL_2020_2021,151,real,2020-2021,14
REAL_HISTORICAL_2020_2021,152,real,2020-2021,14
REAL_HISTORICAL_2020_2021,153,real,2020-2021,14
REAL_HISTORICAL_2020_2021,154,real,2020-2021,14
REAL_HISTORICAL_2020_2021,155,real,2020-2021,14
REAL_HISTORICAL_2020_2021,156,real,2020-2021,14
REAL_HISTORICAL_2020_2021,157,real,2020-2021,14
REAL_HISTORICAL_2020_2021,158,real,2020-2021,14
REAL_HISTORICAL_2020_2021,159,real,2020-2021,14
REAL_HISTORICAL_2020_2021,160,real,2020-2021,14
REAL_HISTORICAL_2020_2021,161,real,2020-2021,14
REAL_HISTORICAL_2020_2021,162,real,2020-2021,14
REAL_HISTORICAL_2020_2021,163,real,2020-2021,14
REAL_HISTORICAL_2020_2021,164,real,2020-2021,14
REAL_HISTORICAL_2020_2021,165,real,2020-2021,14
REAL_HISTORICAL_2020_2021,166,real,2020-2021,14
REAL_HISTORICAL_2020_2021,167,real,2020-2021,14
REAL_HISTORICAL_2020_2021,168,real,2020-2021,14
REAL_HISTORICAL_2020_2021,169,real,2020-2021,14
REAL_HISTORICAL_2020_2021,170,real,2020-2021,14
REAL_HISTORICAL_2020_2021,171,real,2020-2021,14
REAL_HISTORICAL_2020_2021,172,real,2020-2021,14
REAL_HISTORICAL_2020_2021,173,real,2020-2021,14
REAL_HISTORICAL_2020_2021,174,real,2020-2021,14
REAL_HISTORICAL_2020_2021,175,real,2020-2021,14
REAL_HISTORICAL_2020_2021,176,real,2020-2021,14
REAL_HISTORICAL_2020_2021,177,real,2020-2021,14
REAL_HISTORICAL_2020_2021,178,real,2020-2021,14
REAL_HISTORICAL_2020_2021,179,real,2020-2021,14
REAL_HISTORICAL_2020_2021,180,real,2020-2021,14
REAL_HISTORICAL_2020_2021,181,real,2020-2021,14
REAL_HISTORICAL_2020_2021,182,real,2020-2021,14
REAL_HISTORICAL_2020_2021,183,real,2020-2021,14
REAL_HISTORICAL_2020_2021,184,real,2020-2021,14
REAL_HISTORICAL_2020_2021,185,real,2020-2021,14
REAL_HISTORICAL_2020_2021,186,real,2020-2021,14
REAL_HISTORICAL_2020_2021,187,real,2020-2021,14
REAL_HISTORICAL_2020_2021,188,real,2020-2021,14
REAL_HISTORICAL_2020_2021,189,real,2020-2021,14
REAL_HISTORICAL_2020_2021,190,real,2020-2021,14
REAL_HISTORICAL_2020_2021,191,real,2020-2021,14
REAL_HISTORICAL_2020_2021,192,real,2020-2021,14
REAL_HISTORICAL_2020_2021,193,real,2020-2021,14
REAL_HISTORICAL_2020_2021,194,real,2020-2021,14
REAL_HISTORICAL_2020_2021,195,real,2020-2021,14
REAL_HISTORICAL_2020_2021,196,real,2020-2021,14
REAL_HISTORICAL_2020_2021,197,real,2020-2021,14
REAL_HISTORICAL_2020_2021,198,real,2020-2021,14
REAL_HISTORICAL_2020_2021,199,real,2020-2021,14
REAL_HISTORICAL_2020_2021,200,real,2020-2021,14
REAL_HISTORICAL_2020_2021,201,real,2020-2021,14
REAL_HISTORICAL_2020_2021,202,real,2020-2021,14
REAL_HISTORICAL_2020_2021,203,real,2020-2021,14
REAL_HISTORICAL_2020_2021,204,real,2020-2021,14
REAL_HISTORICAL_2020_2021,205,real,2020-2021,14
REAL_HISTORICAL_2020_2021,206,real,2020-2021,14
REAL_HISTORICAL_2020_2021,207,real,2020-2021,14
REAL_HISTORICAL_2020_2021,208,real,2020-2021,14
REAL_HISTORICAL_2020_2021,209,real,2020-2021,14
REAL_HISTORICAL_2020_2021,210,real,2020-2021,14
REAL_HISTORICAL_2020_2021,211,real,2020-2021,14
REAL_HISTORICAL_2020_2021,212,real,2020-2021,14
REAL_HISTORICAL_2020_2021,213,real,2020-2021,14
REAL_HISTORICAL_2020_2021,214,real,2020-2021,14
REAL_HISTORICAL_2020_2021,215,real,2020-2021,14
REAL_HISTORICAL_2020_2021,216,real,2020-2021,14
REAL_HISTORICAL_2020_2021,217,real,2020-2021,14
REAL_HISTORICAL_2020_2021,218,real,2020-2021,14
REAL_HISTORICAL_2020_2021,219,real,2020-2021,14
REAL_HISTORICAL_2020_2021,220,real,2020-2021,14
REAL_HISTORICAL_2020_2021,221,real,2020-2021,14
REAL_HISTORICAL_2020_2021,222,real,2020-2021,14
REAL_HISTORICAL_2020_2021,223,real,2020-2021,14
REAL_HISTORICAL_2020_2021,224,real,2020-2021,14
REAL_HISTORICAL_2020_2021,225,real,2020-2021,14
REAL_HISTORICAL_2020_2021,226,real,2020-2021,14
REAL_HISTORICAL_2020_2021,227,real,2020-2021,14
REAL_HISTORICAL_2020_2021,228,real,2020-2021,14
REAL_HISTORICAL_2020_2021,229,real,2020-2021,14
REAL_HISTORICAL_2020_2021,230,real,2020-2021,14
REAL_HISTORICAL_2020_2021,231,real,2020-2021,14
REAL_HISTORICAL_2020_2021,232,real,2020-2021,14
REAL_HISTORICAL_2020_2021,233,real,2020-2021,14
REAL_HISTORICAL_2020_2021,234,real,2020-2021,14
REAL_HISTORICAL_2020_2021,235,real,2020-2021,14
REAL_HISTORICAL_2020_2021,236,real,2020-2021,14
REAL_HISTORICAL_2020_2021,237,real,2020-2021,14
REAL_HISTORICAL_2020_2021,238,real,2020-2021,14
REAL_HISTORICAL_2020_2021,239,real,2020-2021,14
REAL_HISTORICAL_2020_2021,240,real,2020-2021,14
REAL_HISTORICAL_2020_2021,241,real,2020-2021,14
REAL_HISTORICAL_2020_2021,242,real,2020-2021,14
REAL_HISTORICAL_2020_2021,243,real,2020-2021,14
REAL_HISTORICAL_2020_2021,244,real,2020-2021,14
REAL_HISTORICAL_2020_2021,245,real,2020-2021,14
REAL_HISTORICAL_2020_2021,246,real,2020-2021,14
REAL_HISTORICAL_2020_2021,247,real,2020-2021,14
REAL_HISTORICAL_2020_2021,248,real,2020-2021,14
REAL_HISTORICAL_2020_2021,249,real,2020-2021,14
REAL_HISTORICAL_2020_2021,250,real,2020-2021,14
REAL_HISTORICAL_2020_2021,251,real,2020-2021,14
REAL_HISTORICAL_2020_2021,252,real,2020-2021,14
REAL_HISTORICAL_2020_2021,253,real,2020-2021,14
REAL_HISTORICAL_2020_2021,254,real,2020-2021,14
REAL_HISTORICAL_2020_2021,255,real,2020-2021,14
REAL_HISTORICAL_2020_2021,256,real,2020-2021,14
REAL_HISTORICAL_2020_2021,257,real,2020-2021,14
REAL_HISTORICAL_2020_2021,258,real,2020-2021,14
REAL_HISTORICAL_2020_2021,259,real,2020-2021,14
REAL_HISTORICAL_2020_2021,260,real,2020-2021,14
REAL_HISTORICAL_2020_2021,261,real,2020-2021,14
REAL_HISTORICAL_2020_2021,262,real,2020-2021,14
REAL_HISTORICAL_2020_2021,263,real,2020-2021,14
REAL_HISTORICAL_2020_2021,264,real,2020-2021,14
REAL_HISTORICAL_2020_2021,265,real,2020-2021,14
REAL_HISTORICAL_2020_2021,266,real,2020-2021,14
REAL_HISTORICAL_2020_2021,267,real,2020-2021,14
REAL_HISTORICAL_2020_2021,268,real,2020-2021,14
REAL_HISTORICAL_2020_2021,269,real,2020-2021,14
REAL_HISTORICAL_2020_2021,270,real,2020-2021,14
REAL_HISTORICAL_2020_2021,271,real,2020-2021,14
REAL_HISTORICAL_2020_2021,272,real,2020-2021,14
REAL_HISTORICAL_2020_2021,273,real,2020-2021,14
REAL_HISTORICAL_2020_2021,274,real,2020-2021,14
REAL_HISTORICAL_2020_2021,275,real,2020-2021,14
REAL_HISTORICAL_2020_2021,276,real,2020-2021,14
REAL_HISTORICAL_2020_2021,277,real,2020-2021,14
REAL_HISTORICAL_2020_2021,278,real,2020-2021,14
REAL_HISTORICAL_2020_2021,279,real,2020-2021,14
REAL_HISTORICAL_2020_2021,280,real,2020-2021,14
REAL_HISTORICAL_2020_2021,281,real,2020-2021,14
REAL_HISTORICAL_2020_2021,282,real,2020-2021,14
REAL_HISTORICAL_2020_2021,283,real,2020-2021,14
REAL_HISTORICAL_2020_2021,284,real,2020-2021,14
REAL_HISTORICAL_2020_2021,285,real,2020-2021,14
REAL_HISTORICAL_2020_2021,286,real,2020-2021,14
REAL_HISTORICAL_2020_2021,287,real,2020-2021,14
REAL_HISTORICAL_2020_2021,288,real,2020-2021,14
REAL_HISTORICAL_2020_2021,289,real,2020-2021,14
REAL_HISTORICAL_2020_2021,290,real,2020-2021,14
REAL_HISTORICAL_2020_2021,291,real,2020-2021,14
REAL_HISTORICAL_2020_2021,292,real,2020-2021,14
REAL_HISTORICAL_2020_2021,293,real,2020-2021,14
REAL_HISTORICAL_2020_2021,294,real,2020-2021,14
REAL_HISTORICAL_2020_2021,295,real,2020-2021,14
REAL_HISTORICAL_2020_2021,296,real,2020-2021,14
REAL_HISTORICAL_2020_2021,297,real,2020-2021,14
REAL_HISTORICAL_2020_2021,298,real,2020-2021,14
REAL_HISTORICAL_2020_2021,299,real,2020-2021,14
REAL_HISTORICAL_2020_2021,300,real,2020-2021,14
REAL_HISTORICAL_2020_2021,301,real,2020-2021,14
REAL_HISTORICAL_2020_2021,302,real,2020-2021,14
REAL_HISTORICAL_2020_2021,303,real,2020-2021,14
REAL_HISTORICAL_2020_2021,304,real,2020-2021,14
REAL_HISTORICAL_2020_2021,305,real,2020-2021,14
REAL_HISTORICAL_2020_2021,306,real,2020-2021,14
REAL_HISTORICAL_2020_2021,307,real,2020-2021,14
REAL_HISTORICAL_2020_2021,308,real,2020-2021,14
REAL_HISTORICAL_2020_2021,309,real,2020-2021,14
REAL_HISTORICAL_2020_2021,310,real,2020-2021,14
REAL_HISTORICAL_2020_2021,311,real,2020-2021,14
REAL_HISTORICAL_2020_2021,312,real,2020-2021,14
REAL_HISTORICAL_2020_2021,313,real,2020-2021,14
REAL_HISTORICAL_2020_2021,314,real,2020-2021,14
REAL_HISTORICAL_2020_2021,315,real,2020-2021,14
REAL_HISTORICAL_2020_2021,316,real,2020-2021,14
REAL_HISTORICAL_2020_2021,317,real,2020-2021,14
REAL_HISTORICAL_2020_2021,318,real,2020-2021,14
REAL_HISTORICAL_2020_2021,319,real,2020-2021,14
REAL_HISTORICAL_2020_2021,320,real,2020-2021,14
REAL_HISTORICAL_2020_2021,321,real,2020-2021,14
REAL_HISTORICAL_2020_2021,322,real,2020-2021,14
REAL_HISTORICAL_2020_2021,323,real,2020-2021,14
REAL_HISTORICAL_2020_2021,324,real,2020-2021,14
REAL_HISTORICAL_2020_2021,325,real,2020-2021,14
REAL_HISTORICAL_2020_2021,326,real,2020-2021,14
REAL_HISTORICAL_2020_2021,327,real,2020-2021,14
REAL_HISTORICAL_2020_2021,328,real,2020-2021,14
REAL_HISTORICAL_2020_2021,329,real,2020-2021,14
REAL_HISTORICAL_2020_2021,330,real,2020-2021,14
REAL_HISTORICAL_2020_2021,331,real,2020-2021,14
REAL_HISTORICAL_2020_2021,332,real,2020-2021,14
REAL_HISTORICAL_2020_2021,333,real,2020-2021,14
REAL_HISTORICAL_2020_2021,334,real,2020-2021,14
REAL_HISTORICAL_2020_2021,335,real,2020-2021,14
REAL_HISTORICAL_2020_2021,336,real,2020-2021,14
REAL_HISTORICAL_2020_2021,337,real,2020-2021,14
REAL_HISTORICAL_2020_2021,338,real,2020-2021,14
REAL_HISTORICAL_2020_2021,339,real,2020-2021,14
REAL_HISTORICAL_2020_2021,340,real,2020-2021,14
REAL_HISTORICAL_2020_2021,341,real,2020-2021,14
REAL_HISTORICAL_2020_2021,342,real,2020-2021,14
REAL_HISTORICAL_2020_2021,343,real,2020-2021,14
REAL_HISTORICAL_2020_2021,344,real,2020-2021,14
REAL_HISTORICAL_2020_2021,345,real,2020-2021,14
REAL_HISTORICAL_2020_2021,346,real,2020-2021,14
REAL_HISTORICAL_2020_2021,347,real,2020-2021,14
REAL_HISTORICAL_2020_2021,348,real,2020-2021,14
REAL_HISTORICAL_2020_2021,349,real,2020-2021,14
REAL_HISTORICAL_2020_2021,350,real,2020-2021,14
REAL_HISTORICAL_2020_2021,351,real,2020-2021,14
REAL_HISTORICAL_2020_2021,352,real,2020-2021,14
REAL_HISTORICAL_2020_2021,353,real,2020-2021,14
REAL_HISTORICAL_2020_2021,354,real,2020-2021,14
REAL_HISTORICAL_2020_2021,355,real,2020-2021,14
REAL_HISTORICAL_2020_2021,356,real,2020-2021,14
REAL_HISTORICAL_2020_2021,357,real,2020-2021,14
REAL_HISTORICAL_2020_2021,358,real,2020-2021,14
REAL_HISTORICAL_2020_2021,359,real,2020-2021,14
REAL_HISTORICAL_2020_2021,360,real,2020-2021,14
REAL_HISTORICAL_2020_2021,361,real,2020-2021,14
REAL_HISTORICAL_2020_2021,362,real,2020-2021,14
REAL_HISTORICAL_2020_2021,363,real,2020-2021,14
REAL_HISTORICAL_2020_2021,364,real,2020-2021,14
REAL_HISTORICAL_2020_2021,365,real,2020-2021,14
REAL_HISTORICAL_2020_2021,366,real,2020-2021,14
REAL_HISTORICAL_2020_2021,367,real,2020-2021,14
REAL_HISTORICAL_2020_2021,368,real,2020-2021,14
REAL_HISTORICAL_2020_2021,369,real,2020-2021,14
REAL_HISTORICAL_2020_2021,370,real,2020-2021,14
REAL_HISTORICAL_2020_2021,371,real,2020-2021,14
REAL_HISTORICAL_2020_2021,372,real,2020-2021,14
REAL_HISTORICAL_2020_2021,373,real,2020-2021,14
REAL_HISTORICAL_2020_2021,374,real,2020-2021,14
REAL_HISTORICAL_2020_2021,375,real,2020-2021,14
REAL_HISTORICAL_2020_2021,376,real,2020-2021,14
REAL_HISTORICAL_2020_2021,377,real,2020-2021,14
REAL_HISTORICAL_2020_2021,378,real,2020-2021,14
REAL_HISTORICAL_2020_2021,379,real,2020-2021,14
REAL_HISTORICAL_2020_2021,380,real,2020-2021,14
REAL_HISTORICAL_2020_2021,381,real,2020-2021,14
REAL_HISTORICAL_2020_2021,382,real,2020-2021,14
REAL_HISTORICAL_2020_2021,383,real,2020-2021,14
REAL_HISTORICAL_2020_2021,384,real,2020-2021,14
REAL_HISTORICAL_2020_2021,385,real,2020-2021,14
REAL_HISTORICAL_2020_2021,386,real,2020-2021,14
REAL_HISTORICAL_2020_2021,387,real,2020-2021,14
REAL_HISTORICAL_2020_2021,388,real,2020-2021,14
REAL_HISTORICAL_2020_2021,389,real,2020-2021,14
REAL_HISTORICAL_2020_2021,390,real,2020-2021,14
REAL_HISTORICAL_2020_2021,391,real,2020-2021,14
REAL_HISTORICAL_2020_2021,392,real,2020-2021,14
REAL_HISTORICAL_2020_2021,393,real,2020-2021,14
REAL_HISTORICAL_2020_2021,394,real,2020-2021,14
REAL_HISTORICAL_2020_2021,395,real,2020-2021,14
REAL_HISTORICAL_2020_2021,396,real,2020-2021,14
REAL_HISTORICAL_2020_2021,397,real,2020-2021,14
REAL_HISTORICAL_2020_2021,398,real,2020-2021,14
REAL_HISTORICAL_2020_2021,399,real,2020-2021,14
REAL_HISTORICAL_2020_2021,400,real,2020-2021,14
REAL_HISTORICAL_2020_2021,401,real,2020-2021,14
REAL_HISTORICAL_2020_2021,402,real,2020-2021,14
REAL_HISTORICAL_2020_2021,403,real,2020-2021,14
REAL_HISTORICAL_2020_2021,404,real,2020-2021,14
REAL_HISTORICAL_2020_2021,405,real,2020-2021,14
REAL_HISTORICAL_2020_2021,406,real,2020-2021,14
REAL_HISTORICAL_2020_2021,407,real,2020-2021,14
REAL_HISTORICAL_2020_2021,408,real,2020-2021,14
REAL_HISTORICAL_2020_2021,409,real,2020-2021,14
REAL_HISTORICAL_2020_2021,410,real,2020-2021,14
REAL_HISTORICAL_2020_2021,411,real,2020-2021,14
REAL_HISTORICAL_2020_2021,412,real,2020-2021,14
REAL_HISTORICAL_2020_2021,413,real,2020-2021,14
REAL_HISTORICAL_2020_2021,414,real,2020-2021,14
REAL_HISTORICAL_2020_2021,415,real,2020-2021,14
REAL_HISTORICAL_2020_2021,416,real,2020-2021,14
REAL_HISTORICAL_2020_2021,417,real,2020-2021,14
REAL_HISTORICAL_2020_2021,418,real,2020-2021,14
REAL_HISTORICAL_2020_2021,419,real,2020-2021,14
REAL_HISTORICAL_2020_2021,420,real,2020-2021,14
REAL_HISTORICAL_2020_2021,421,real,2020-2021,14
REAL_HISTORICAL_2020_2021,422,real,2020-2021,14
REAL_HISTORICAL_2020_2021,423,real,2020-2021,14
REAL_HISTORICAL_2020_2021,424,real,2020-2021,14
REAL_HISTORICAL_2020_2021,425,real,2020-2021,14
REAL_HISTORICAL_2020_2021,426,real,2020-2021,14
REAL_HISTORICAL_2020_2021,427,real,2020-2021,14
REAL_HISTORICAL_2020_2021,428,real,2020-2021,14
REAL_HISTORICAL_2020_2021,429,real,2020-2021,14
REAL_HISTORICAL_2020_2021,430,real,2020-2021,14
REAL_HISTORICAL_2020_2021,431,real,2020-2021,14
REAL_HISTORICAL_2020_2021,432,real,2020-2021,14
REAL_HISTORICAL_2020_2021,433,real,2020-2021,14
REAL_HISTORICAL_2020_2021,434,real,2020-2021,14
REAL_HISTORICAL_2020_2021,435,real,2020-2021,14
REAL_HISTORICAL_2020_2021,436,real,2020-2021,14
REAL_HISTORICAL_2020_2021,437,real,2020-2021,14
REAL_HISTORICAL_2020_2021,438,real,2020-2021,14
REAL_HISTORICAL_2020_2021,439,real,2020-2021,14
REAL_HISTORICAL_2020_2021,440,real,2020-2021,14
REAL_HISTORICAL_2020_2021,441,real,2020-2021,14
REAL_HISTORICAL_2020_2021,442,real,2020-2021,14
REAL_HISTORICAL_2020_2021,443,real,2020-2021,14
REAL_HISTORICAL_2020_2021,444,real,2020-2021,14
REAL_HISTORICAL_2020_2021,445,real,2020-2021,14
REAL_HISTORICAL_2020_2021,446,real,2020-2021,14
REAL_HISTORICAL_2020_2021,447,real,2020-2021,14
REAL_HISTORICAL_2020_2021,448,real,2020-2021,14
REAL_HISTORICAL_2020_2021,449,real,2020-2021,14
REAL_HISTORICAL_2020_2021,450,real,2020-2021,14
REAL_HISTORICAL_2020_2021,451,real,2020-2021,14
REAL_HISTORICAL_2020_2021,452,real,2020-2021,14
REAL_HISTORICAL_2020_2021,453,real,2020-2021,14
REAL_HISTORICAL_2020_2021,454,real,2020-2021,14
REAL_HISTORICAL_2020_2021,455,real,2020-2021,14
REAL_HISTORICAL_2020_2021,456,real,2020-2021,14
REAL_HISTORICAL_2020_2021,457,real,2020-2021,14
REAL_HISTORICAL_2020_2021,458,real,2020-2021,14
REAL_HISTORICAL_2020_2021,459,real,2020-2021,14
REAL_HISTORICAL_2020_2021,460,real,2020-2021,14
REAL_HISTORICAL_2020_2021,461,real,2020-2021,14
REAL_HISTORICAL_2020_2021,462,real,2020-2021,14
REAL_HISTORICAL_2020_2021,463,real,2020-2021,14
REAL_HISTORICAL_2020_2021,464,real,2020-2021,14
REAL_HISTORICAL_2020_2021,465,real,2020-2021,14
REAL_HISTORICAL_2020_2021,466,real,2020-2021,14
REAL_HISTORICAL_2020_2021,467,real,2020-2021,14
REAL_HISTORICAL_2020_2021,468,real,2020-2021,14
REAL_HISTORICAL_2020_2021,469,real,2020-2021,14
REAL_HISTORICAL_2020_2021,470,real,2020-2021,14
REAL_HISTORICAL_2020_2021,471,real,2020-2021,14
REAL_HISTORICAL_2020_2021,472,real,2020-2021,14
REAL_HISTORICAL_2020_2021,473,real,2020-2021,14
REAL_HISTORICAL_2020_2021,474,real,2020-2021,14
REAL_HISTORICAL_2020_2021,475,real,2020-2021,14
REAL_HISTORICAL_2020_2021,476,real,2020-2021,14
REAL_HISTORICAL_2020_2021,477,real,2020-2021,14
REAL_HISTORICAL_2020_2021,478,real,2020-2021,14
REAL_HISTORICAL_2020_2021,479,real,2020-2021,14
REAL_HISTORICAL_2020_2021,480,real,2020-2021,14
REAL_HISTORICAL_2020_2021,481,real,2020-2021,14
REAL_HISTORICAL_2020_2021,482,real,2020-2021,14
REAL_HISTORICAL_2020_2021,483,real,2020-2021,14
REAL_HISTORICAL_2020_2021,484,real,2020-2021,14
REAL_HISTORICAL_2020_2021,485,real,2020-2021,14
REAL_HISTORICAL_2020_2021,486,real,2020-2021,14
REAL_HISTORICAL_2020_2021,487,real,2020-2021,14
REAL_HISTORICAL_2020_2021,488,real,2020-2021,14
REAL_HISTORICAL_2020_2021,489,real,2020-2021,14
REAL_HISTORICAL_2020_2021,490,real,2020-2021,14
REAL_HISTORICAL_2020_2021,491,real,2020-2021,14
REAL_HISTORICAL_2020_2021,492,real,2020-2021,14
REAL_HISTORICAL_2020_2021,493,real,2020-2021,14
REAL_HISTORICAL_2020_2021,494,real,2020-2021,14
REAL_HISTORICAL_2020_2021,495,real,2020-2021,14
REAL_HISTORICAL_2020_2021,496,real,2020-2021,14
REAL_HISTORICAL_2020_2021,497,real,2020-2021,14
REAL_HISTORICAL_2020_2021,498,real,2020-2021,14
REAL_HISTORICAL_2020_2021,499,real,2020-2021,14
REAL_HISTORICAL_2020_2021,500,real,2020-2021,14
REAL_HISTORICAL_2020_2021,501,real,2020-2021,14
REAL_HISTORICAL_2020_2021,502,real,2020-2021,14
REAL_HISTORICAL_2020_2021,503,real,2020-2021,14
REAL_HISTORICAL_2020_2021,504,real,2020-2021,14
REAL_HISTORICAL_2020_2021,505,real,2020-2021,14
REAL_HISTORICAL_2020_2021,506,real,2020-2021,14
REAL_HISTORICAL_2020_2021,507,real,2020-2021,14
REAL_HISTORICAL_2020_2021,508,real,2020-2021,14
REAL_HISTORICAL_2020_2021,509,real,2020-2021,14
REAL_HISTORICAL_2020_2021,510,real,2020-2021,14
REAL_HISTORICAL_2020_2021,511,real,2020-2021,14
REAL_HISTORICAL_2020_2021,512,real,2020-2021,14
REAL_HISTORICAL_2020_2021,513,real,2020-2021,14
REAL_HISTORICAL_2020_2021,514,real,2020-2021,14
REAL_HISTORICAL_2020_2021,515,real,2020-2021,14
REAL_HISTORICAL_2020_2021,516,real,2020-2021,14
REAL_HISTORICAL_2020_2021,517,real,2020-2021,14
REAL_HISTORICAL_2020_2021,518,real,2020-2021,14
REAL_HISTORICAL_2020_2021,519,real,2020-2021,14
REAL_HISTORICAL_2020_2021,520,real,2020-2021,14
REAL_HISTORICAL_2020_2021,521,real,2020-2021,14
REAL_HISTORICAL_2020_2021,522,real,2020-2021,14
REAL_HISTORICAL_2020_2021,523,real,2020-2021,14
REAL_HISTORICAL_2020_2021,524,real,2020-2021,14
REAL_HISTORICAL_2020_2021,525,real,2020-2021,14
REAL_HISTORICAL_2020_2021,526,real,2020-2021,14
REAL_HISTORICAL_2020_2021,527,real,2020-2021,14
REAL_HISTORICAL_2020_2021,528,real,2020-2021,14
REAL_HISTORICAL_2020_2021,529,real,2020-2021,14
REAL_HISTORICAL_2020_2021,530,real,2020-2021,14
REAL_HISTORICAL_2020_2021,531,real,2020-2021,14
REAL_HISTORICAL_2020_2021,532,real,2020-2021,14
REAL_HISTORICAL_2020_2021,533,real,2020-2021,14
REAL_HISTORICAL_2020_2021,534,real,2020-2021,14
REAL_HISTORICAL_2020_2021,535,real,2020-2021,14
REAL_HISTORICAL_2020_2021,536,real,2020-2021,14
REAL_HISTORICAL_2020_2021,537,real,2020-2021,14
REAL_HISTORICAL_2020_2021,538,real,2020-2021,14
REAL_HISTORICAL_2020_2021,539,real,2020-2021,14
REAL_HISTORICAL_2020_2021,540,real,2020-2021,14
REAL_HISTORICAL_2020_2021,541,real,2020-2021,14
REAL_HISTORICAL_2020_2021,542,real,2020-2021,14
REAL_HISTORICAL_2020_2021,543,real,2020-2021,14
REAL_HISTORICAL_2020_2021,544,real,2020-2021,14
REAL_HISTORICAL_2020_2021,545,real,2020-2021,14
REAL_HISTORICAL_2020_2021,546,real,2020-2021,14
REAL_HISTORICAL_2020_2021,547,real,2020-2021,14
REAL_HISTORICAL_2020_2021,548,real,2020-2021,14
REAL_HISTORICAL_2020_2021,549,real,2020-2021,14
REAL_HISTORICAL_2020_2021,550,real,2020-2021,14
REAL_HISTORICAL_2020_2021,551,real,2020-2021,14
REAL_HISTORICAL_2020_2021,552,real,2020-2021,14
REAL_HISTORICAL_2020_2021,553,real,2020-2021,14
REAL_HISTORICAL_2020_2021,554,real,2020-2021,14
REAL_HISTORICAL_2020_2021,555,real,2020-2021,14
REAL_HISTORICAL_2020_2021,556,real,2020-2021,14
REAL_HISTORICAL_2020_2021,557,real,2020-2021,14
REAL_HISTORICAL_2020_2021,558,real,2020-2021,14
REAL_HISTORICAL_2020_2021,559,real,2020-2021,14
REAL_HISTORICAL_2020_2021,560,real,2020-2021,14
REAL_HISTORICAL_2020_2021,561,real,2020-2021,14
REAL_HISTORICAL_2020_2021,562,real,2020-2021,14
REAL_HISTORICAL_2020_2021,563,real,2020-2021,14
REAL_HISTORICAL_2020_2021,564,real,2020-2021,14
REAL_HISTORICAL_2020_2021,565,real,2020-2021,14
REAL_HISTORICAL_2020_2021,566,real,2020-2021,14
REAL_HISTORICAL_2020_2021,567,real,2020-2021,14
REAL_HISTORICAL_2020_2021,568,real,2020-2021,14
REAL_HISTORICAL_2020_2021,569,real,2020-2021,14
REAL_HISTORICAL_2020_2021,570,real,2020-2021,14
REAL_HISTORICAL_2020_2021,571,real,2020-2021,14
REAL_HISTORICAL_2020_2021,572,real,2020-2021,14
REAL_HISTORICAL_2020_2021,573,real,2020-2021,14
SYNTH_8B_batch_0005_01840,7,synthetic,2020-2021,14
SYNTH_8B_batch_0005_02040,4,synthetic,2020-2021,14
SYNTH_8B_batch_0002_00124,10,synthetic,2020-2021,14
SYNTH_8B_batch_0004_00636,4,synthetic,2020-2021,14
SYNTH_8B_batch_0004_00248,8,synthetic,2020-2021,14
SYNTH_8B_batch_0005_00356,13,synthetic,2020-2021,14
SYNTH_8B_batch_0003_00110,13,synthetic,2020-2021,14
SYNTH_8B_batch_0004_00452,2,synthetic,2020-2021,14
SYNTH_8B_batch_0004_00760,8,synthetic,2020-2021,14
SYNTH_8B_batch_0005_01840,11,synthetic,2020-2021,14
SYNTH_8B_batch_0002_00208,2,synthetic,2020-2021,14
SYNTH_8B_batch_0005_00500,0,synthetic,2020-2021,14
SYNTH_8B_batch_0005_01926,11,synthetic,2020-2021,14
SYNTH_8B_batch_0005_00380,15,synthetic,2020-2021,14
SYNTH_8B_batch_0004_00440,7,synthetic,2020-2021,14
SYNTH_8B_batch_0005_01076,14,synthetic,2020-2021,14
SYNTH_8B_batch_0001_00054,5,synthetic,2020-2021,14
SYNTH_8B_batch_0005_01716,5,synthetic,2020-2021,14
SYNTH_8B_batch_0003_00084,2,synthetic,2020-2021,14
SYNTH_8B_batch_0005_01216,8,synthetic,2020-2021,14
SYNTH_8B_batch_0004_00514,15,synthetic,2020-2021,14
SYNTH_8B_batch_0005_02196,12,synthetic,2020-2021,14
SYNTH_8B_batch_0003_00100,4,synthetic,2020-2021,14
SYNTH_8B_batch_0005_00176,5,synthetic,2020-2021,14
SYNTH_8B_batch_0002_00144,8,synthetic,2020-2021,14
SYNTH_8B_batch_0005_02172,10,synthetic,2020-2021,14
SYNTH_8B_batch_0004_00192,8,synthetic,2020-2021,14
SYNTH_8B_batch_0005_00200,15,synthetic,2020-2021,14
SYNTH_8B_batch_0005_01116,9,synthetic,2020-2021,14
SYNTH_8B_batch_0005_01468,3,synthetic,2020-2021,14
SYNTH_8B_batch_0002_00196,14,synthetic,2020-2021,14
SYNTH_8B_batch_0005_00258,9,synthetic,2020-2021,14
SYNTH_8B_batch_0003_00418,9,synthetic,2020-2021,14
SYNTH_8B_batch_0004_00044,1,synthetic,2020-2021,14
SYNTH_8B_batch_0003_00212,8,synthetic,2020-2021,14
SYNTH_8B_batch_0005_01196,0,synthetic,2020-2021,14
SYNTH_8B_batch_0004_00046,9,synthetic,2020-2021,14
SYNTH_8B_batch_0005_02182,7,synthetic,2020-2021,14
SYNTH_8B_batch_0003_00358,1,synthetic,2020-2021,14
SYNTH_8B_batch_0004_00226,8,synthetic,2020-2021,14
SYNTH_8B_batch_0005_01512,12,synthetic,2020-2021,14
SYNTH_8B_batch_0005_02384,15,synthetic,2020-2021,14
SYNTH_8B_batch_0005_02260,4,synthetic,2020-2021,14
SYNTH_8B_batch_0005_02342,8,synthetic,2020-2021,14
SYNTH_8B_batch_0005_00892,2,synthetic,2020-2021,14
SYNTH_8B_batch_0005_00844,15,synthetic,2020-2021,14
SYNTH_8B_batch_0003_00036,2,synthetic,2020-2021,14
SYNTH_8B_batch_0004_00332,11,synthetic,2020-2021,14
SYNTH_8B_batch_0005_02432,14,synthetic,2020-2021,14
SYNTH_8B_batch_0002_00168,12,synthetic,2020-2021,14
SYNTH_8B_batch_0003_00372,6,synthetic,2020-2021,14
SYNTH_8B_batch_0005_02256,14,synthetic,2020-2021,14
SYNTH_8B_batch_0002_00060,14,synthetic,2020-2021,14
SYNTH_8B_batch_0005_00592,11,synthetic,2020-2021,14
SYNTH_8B_batch_0004_00582,0,synthetic,2020-2021,14
SYNTH_8B_batch_0001_00060,13,synthetic,2020-2021,14
SYNTH_8B_batch_0005_00822,0,synthetic,2020-2021,14
SYNTH_8B_batch_0005_01490,3,synthetic,2020-2021,14
SYNTH_8B_batch_0005_01268,10,synthetic,2020-2021,14
SYNTH_8B_batch_0005_01932,10,synthetic,2020-2021,14
SYNTH_8B_batch_0005_01888,3,synthetic,2020-2021,14
SYNTH_8B_batch_0004_00136,15,synthetic,2020-2021,14
SYNTH_8B_batch_0005_01566,15,synthetic,2020-2021,14
SYNTH_8B_batch_0005_02192,2,synthetic,2020-2021,14
SYNTH_8B_batch_0001_00052,8,synthetic,2020-2021,14
SYNTH_8B_batch_0002_00176,1,synthetic,2020-2021,14
SYNTH_8B_batch_0005_01704,12,synthetic,2020-2021,14
SYNTH_8B_batch_0004_00420,9,synthetic,2020-2021,14
SYNTH_8B_batch_0005_01816,15,synthetic,2020-2021,14
SYNTH_8B_batch_0005_00656,5,synthetic,2020-2021,14
SYNTH_8B_batch_0005_00688,10,synthetic,2020-2021,14
SYNTH_8B_batch_0005_01144,11,synthetic,2020-2021,14
SYNTH_8B_batch_0005_02412,5,synthetic,2020-2021,14
SYNTH_8B_batch_0005_00772,5,synthetic,2020-2021,14
SYNTH_8B_batch_0005_00716,11,synthetic,2020-2021,14
SYNTH_8B_batch_0003_00492,0,synthetic,2020-2021,14
SYNTH_8B_batch_0004_00194,9,synthetic,2020-2021,14
SYNTH_8B_batch_0004_00376,10,synthetic,2020-2021,14
SYNTH_8B_batch_0005_01726,14,synthetic,2020-2021,14
SYNTH_8B_batch_0005_02084,1,synthetic,2020-2021,14
SYNTH_8B_batch_0003_00376,2,synthetic,2020-2021,14
SYNTH_8B_batch_0005_00176,0,synthetic,2020-2021,14
SYNTH_8B_batch_0005_01020,8,synthetic,2020-2021,14
SYNTH_8B_batch_0005_01024,9,synthetic,2020-2021,14
SYNTH_8B_batch_0005_00636,11,synthetic,2020-2021,14
SYNTH_8B_batch_0004_00488,0,synthetic,2020-2021,14
SYNTH_8B_batch_0005_01270,2,synthetic,2020-2021,14
SYNTH_8B_batch_0005_00588,4,synthetic,2020-2021,14
SYNTH_8B_batch_0004_00736,12,synthetic,2020-2021,14
SYNTH_8B_batch_0003_00436,3,synthetic,2020-2021,14
SYNTH_8B_batch_0005_01996,12,synthetic,2020-2021,14
SYNTH_8B_batch_0005_02348,11,synthetic,2020-2021,14
SYNTH_8B_batch_0005_00464,3,synthetic,2020-2021,14
SYNTH_8B_batch_0005_00114,8,synthetic,2020-2021,14
SYNTH_8B_batch_0004_00078,6,synthetic,2020-2021,14
SYNTH_8B_batch_0005_02008,6,synthetic,2020-2021,14
SYNTH_8B_batch_0005_00340,1,synthetic,2020-2021,14
SYNTH_8B_batch_0003_00138,7,synthetic,2020-2021,14
SYNTH_8B_batch_0005_00212,4,synthetic,2020-2021,14
SYNTH_8B_batch_0004_00744,0,synthetic,2020-2021,14
SYNTH_8B_batch_0005_01164,4,synthetic,2020-2021,14
SYNTH_8B_batch_0004_00924,5,synthetic,2020-2021,14
SYNTH_8B_batch_0005_00624,7,synthetic,2020-2021,14
SYNTH_8B_batch_0002_00192,14,synthetic,2020-2021,14
SYNTH_8B_batch_0005_01988,2,synthetic,2020-2021,14
SYNTH_8B_batch_0005_00792,15,synthetic,2020-2021,14
SYNTH_8B_batch_0003_00180,2,synthetic,2020-2021,14
SYNTH_8B_batch_0005_01726,15,synthetic,2020-2021,14
SYNTH_8B_batch_0004_00232,7,synthetic,2020-2021,14
SYNTH_8B_batch_0003_00462,2,synthetic,2020-2021,14
SYNTH_8B_batch_0003_00386,11,synthetic,2020-2021,14
SYNTH_8B_batch_0005_00148,7,synthetic,2020-2021,14
SYNTH_8B_batch_0003_00252,0,synthetic,2020-2021,14
SYNTH_8B_batch_0004_00076,0,synthetic,2020-2021,14
SYNTH_8B_batch_0005_01996,2,synthetic,2020-2021,14
SYNTH_8B_batch_0004_00448,7,synthetic,2020-2021,14
SYNTH_8B_batch_0001_00016,5,synthetic,2020-2021,14
SYNTH_8B_batch_0003_00340,12,synthetic,2020-2021,14
SYNTH_8B_batch_0005_00530,0,synthetic,2020-2021,14
SYNTH_8B_batch_0005_00592,1,synthetic,2020-2021,14
SYNTH_8B_batch_0003_00416,15,synthetic,2020-2021,14
SYNTH_8B_batch_0003_00184,11,synthetic,2020-2021,14
SYNTH_8B_batch_0005_00124,0,synthetic,2020-2021,14
SYNTH_8B_batch_0005_00932,5,synthetic,2020-2021,14
SYNTH_8B_batch_0005_00926,14,synthetic,2020-2021,14
SYNTH_8B_batch_0005_00700,5,synthetic,2020-2021,14
SYNTH_8B_batch_0005_01508,14,synthetic,2020-2021,14
SYNTH_8B_batch_0005_00848,5,synthetic,2020-2021,14
SYNTH_8B_batch_0005_00288,9,synthetic,2020-2021,14
SYNTH_8B_batch_0005_00590,8,synthetic,2020-2021,14
SYNTH_8B_batch_0005_00390,10,synthetic,2020-2021,14
SYNTH_8B_batch_0005_00250,5,synthetic,2020-2021,14
SYNTH_8B_batch_0005_00816,9,synthetic,2020-2021,14
SYNTH_8B_batch_0004_00780,7,synthetic,2020-2021,14
SYNTH_8B_batch_0005_00262,11,synthetic,2020-2021,14
SYNTH_8B_batch_0004_00758,1,synthetic,2020-2021,14
SYNTH_8B_batch_0003_00232,2,synthetic,2020-2021,14
SYNTH_8B_batch_0005_01588,10,synthetic,2020-2021,14
SYNTH_8B_batch_0005_00820,15,synthetic,2020-2021,14
SYNTH_8B_batch_0004_00254,14,synthetic,2020-2021,14
SYNTH_8B_batch_0001_00100,7,synthetic,2020-2021,14
SYNTH_8B_batch_0005_00258,5,synthetic,2020-2021,14
SYNTH_8B_batch_0005_01254,11,synthetic,2020-2021,14
SYNTH_8B_batch_0003_00148,14,synthetic,2020-2021,14
SYNTH_8B_batch_0003_00110,11,synthetic,2020-2021,14
SYNTH_8B_batch_0003_00386,14,synthetic,2020-2021,14
SYNTH_8B_batch_0003_00384,9,synthetic,2020-2021,14
SYNTH_8B_batch_0005_00834,14,synthetic,2020-2021,14
SYNTH_8B_batch_0004_00044,10,synthetic,2020-2021,14
SYNTH_8B_batch_0005_00302,6,synthetic,2020-2021,14
SYNTH_8B_batch_0005_00256,12,synthetic,2020-2021,14
SYNTH_8B_batch_0005_01462,12,synthetic,2020-2021,14
SYNTH_8B_batch_0004_00220,5,synthetic,2020-2021,14
SYNTH_8B_batch_0005_01654,3,synthetic,2020-2021,14
SYNTH_8B_batch_0005_01090,11,synthetic,2020-2021,14
SYNTH_8B_batch_0005_01760,5,synthetic,2020-2021,14
SYNTH_8B_batch_0005_02440,12,synthetic,2020-2021,14
SYNTH_8B_batch_0004_00584,14,synthetic,2020-2021,14
SYNTH_8B_batch_0005_01976,12,synthetic,2020-2021,14
SYNTH_8B_batch_0004_00692,1,synthetic,2020-2021,14
SYNTH_8B_batch_0004_00970,15,synthetic,2020-2021,14
SYNTH_8B_batch_0002_00072,13,synthetic,2020-2021,14
SYNTH_8B_batch_0005_01622,7,synthetic,2020-2021,14
SYNTH_8B_batch_0005_01440,11,synthetic,2020-2021,14
SYNTH_8B_batch_0005_01452,8,synthetic,2020-2021,14
SYNTH_8B_batch_0005_00636,9,synthetic,2020-2021,14
SYNTH_8B_batch_0005_02384,2,synthetic,2020-2021,14
SYNTH_8B_batch_0005_00344,9,synthetic,2020-2021,14
SYNTH_8B_batch_0004_00238,3,synthetic,2020-2021,14
SYNTH_8B_batch_0002_00196,11,synthetic,2020-2021,14
SYNTH_8B_batch_0003_00020,13,synthetic,2020-2021,14
SYNTH_8B_batch_0003_00072,6,synthetic,2020-2021,14
SYNTH_8B_batch_0005_00824,4,synthetic,2020-2021,14
SYNTH_8B_batch_0003_00448,5,synthetic,2020-2021,14
SYNTH_8B_batch_0002_00052,6,synthetic,2020-2021,14
SYNTH_8B_batch_0005_00812,13,synthetic,2020-2021,14
SYNTH_8B_batch_0005_01254,6,synthetic,2020-2021,14
SYNTH_8B_batch_0004_00056,12,synthetic,2020-2021,14
SYNTH_8B_batch_0005_02146,10,synthetic,2020-2021,14
SYNTH_8B_batch_0004_00584,6,synthetic,2020-2021,14
SYNTH_8B_batch_0005_00506,11,synthetic,2020-2021,14
SYNTH_8B_batch_0005_01378,8,synthetic,2020-2021,14
SYNTH_8B_batch_0005_00060,2,synthetic,2020-2021,14
SYNTH_8B_batch_0005_01980,6,synthetic,2020-2021,14
SYNTH_8B_batch_0005_00452,11,synthetic,2020-2021,14
SYNTH_8B_batch_0005_00176,12,synthetic,2020-2021,14
SYNTH_8B_batch_0005_01104,10,synthetic,2020-2021,14
SYNTH_8B_batch_0005_00744,7,synthetic,2020-2021,14
SYNTH_8B_batch_0005_01594,0,synthetic,2020-2021,14
SYNTH_8B_batch_0005_00204,10,synthetic,2020-2021,14
SYNTH_8B_batch_0004_00518,1,synthetic,2020-2021,14
SYNTH_8B_batch_0005_02088,2,synthetic,2020-2021,14
SYNTH_8B_batch_0003_00056,0,synthetic,2020-2021,14
SYNTH_8B_batch_0004_00564,12,synthetic,2020-2021,14
SYNTH_8B_batch_0005_01780,1,synthetic,2020-2021,14
SYNTH_8B_batch_0005_01144,3,synthetic,2020-2021,14
SYNTH_8B_batch_0002_00220,11,synthetic,2020-2021,14
SYNTH_8B_batch_0005_01958,4,synthetic,2020-2021,14
SYNTH_8B_batch_0003_00144,15,synthetic,2020-2021,14
SYNTH_8B_batch_0005_00068,3,synthetic,2020-2021,14
SYNTH_8B_batch_0005_02406,12,synthetic,2020-2021,14
SYNTH_8B_batch_0005_00336,0,synthetic,2020-2021,14
SYNTH_8B_batch_0002_00092,8,synthetic,2020-2021,14
SYNTH_8B_batch_0005_00364,13,synthetic,2020-2021,14
SYNTH_8B_batch_0002_00076,1,synthetic,2020-2021,14
SYNTH_8B_batch_0005_01776,2,synthetic,2020-2021,14
SYNTH_8B_batch_0003_00462,0,synthetic,2020-2021,14
SYNTH_8B_batch_0005_02010,8,synthetic,2020-2021,14
SYNTH_8B_batch_0004_00944,7,synthetic,2020-2021,14
SYNTH_8B_batch_0005_01226,5,synthetic,2020-2021,14
SYNTH_8B_batch_0005_02122,2,synthetic,2020-2021,14
SYNTH_8B_batch_0005_00464,14,synthetic,2020-2021,14
SYNTH_8B_batch_0005_00716,6,synthetic,2020-2021,14
SYNTH_8B_batch_0003_00412,5,synthetic,2020-2021,14
SYNTH_8B_batch_0004_00050,4,synthetic,2020-2021,14
SYNTH_8B_batch_0003_00296,15,synthetic,2020-2021,14
SYNTH_8B_batch_0005_01464,11,synthetic,2020-2021,14
SYNTH_8B_batch_0004_00680,10,synthetic,2020-2021,14
SYNTH_8B_batch_0005_02028,10,synthetic,2020-2021,14
SYNTH_8B_batch_0004_00784,10,synthetic,2020-2021,14
SYNTH_8B_batch_0004_00764,15,synthetic,2020-2021,14
SYNTH_8B_batch_0005_02338,10,synthetic,2020-2021,14
SYNTH_8B_batch_0004_00544,0,synthetic,2020-2021,14
SYNTH_8B_batch_0005_00188,6,synthetic,2020-2021,14
SYNTH_8B_batch_0005_00616,1,synthetic,2020-2021,14
SYNTH_8B_batch_0001_00032,10,synthetic,2020-2021,14
SYNTH_8B_batch_0005_02448,11,synthetic,2020-2021,14
SYNTH_8B_batch_0005_00428,13,synthetic,2020-2021,14
SYNTH_8B_batch_0005_01968,3,synthetic,2020-2021,14
SYNTH_8B_batch_0001_00060,10,synthetic,2020-2021,14
SYNTH_8B_batch_0005_01288,13,synthetic,2020-2021,14
SYNTH_8B_batch_0005_00608,10,synthetic,2020-2021,14
SYNTH_8B_batch_0005_00148,3,synthetic,2020-2021,14
SYNTH_8B_batch_0005_00728,15,synthetic,2020-2021,14
SYNTH_8B_batch_0003_00116,7,synthetic,2020-2021,14
SYNTH_8B_batch_0005_02420,2,synthetic,2020-2021,14
SYNTH_8B_batch_0004_00944,3,synthetic,2020-2021,14
SYNTH_8B_batch_0005_01054,2,synthetic,2020-2021,14
SYNTH_8B_batch_0005_02188,13,synthetic,2020-2021,14
SYNTH_8B_batch_0005_00984,5,synthetic,2020-2021,14
SYNTH_8B_batch_0004_00624,13,synthetic,2020-2021,14
SYNTH_8B_batch_0005_02488,3,synthetic,2020-2021,14
SYNTH_8B_batch_0002_00064,9,synthetic,2020-2021,14
SYNTH_8B_batch_0005_01892,11,synthetic,2020-2021,14
SYNTH_8B_batch_0005_02312,11,synthetic,2020-2021,14
SYNTH_8B_batch_0005_02038,14,synthetic,2020-2021,14
SYNTH_8B_batch_0005_02376,1,synthetic,2020-2021,14
SYNTH_8B_batch_0004_00768,11,synthetic,2020-2021,14
SYNTH_8B_batch_0002_00232,7,synthetic,2020-2021,14
SYNTH_8B_batch_0005_00164,0,synthetic,2020-2021,14
SYNTH_8B_batch_0004_00778,3,synthetic,2020-2021,14
SYNTH_8B_batch_0004_00574,12,synthetic,2020-2021,14
SYNTH_8B_batch_0005_02152,13,synthetic,2020-2021,14
SYNTH_8B_batch_0005_00020,13,synthetic,2020-2021,14
SYNTH_8B_batch_0004_00152,13,synthetic,2020-2021,14
SYNTH_8B_batch_0004_00406,0,synthetic,2020-2021,14
SYNTH_8B_batch_0005_01284,15,synthetic,2020-2021,14
SYNTH_8B_batch_0005_01812,10,synthetic,2020-2021,14
SYNTH_8B_batch_0005_01204,11,synthetic,2020-2021,14
SYNTH_8B_batch_0005_01638,2,synthetic,2020-2021,14
SYNTH_8B_batch_0004_00264,12,synthetic,2020-2021,14
SYNTH_8B_batch_0004_00080,11,synthetic,2020-2021,14
SYNTH_8B_batch_0005_00120,9,synthetic,2020-2021,14
SYNTH_8B_batch_0004_00004,15,synthetic,2020-2021,14
SYNTH_8B_batch_0003_00124,4,synthetic,2020-2021,14
SYNTH_8B_batch_0005_00642,13,synthetic,2020-2021,14
SYNTH_8B_batch_0002_00108,6,synthetic,2020-2021,14
SYNTH_8B_batch_0005_00784,0,synthetic,2020-2021,14
SYNTH_8B_batch_0005_00188,0,synthetic,2020-2021,14
SYNTH_8B_batch_0003_00064,11,synthetic,2020-2021,14
SYNTH_8B_batch_0004_00128,12,synthetic,2020-2021,14
SYNTH_8B_batch_0005_00410,1,synthetic,2020-2021,14
SYNTH_8B_batch_0002_00200,14,synthetic,2020-2021,14
SYNTH_8B_batch_0004_00790,4,synthetic,2020-2021,14
SYNTH_8B_batch_0005_01884,14,synthetic,2020-2021,14
SYNTH_8B_batch_0004_00356,12,synthetic,2020-2021,14
SYNTH_8B_batch_0005_02212,4,synthetic,2020-2021,14
SYNTH_8B_batch_0004_00100,5,synthetic,2020-2021,14
SYNTH_8B_batch_0003_00184,7,synthetic,2020-2021,14
SYNTH_8B_batch_0005_00136,8,synthetic,2020-2021,14
SYNTH_8B_batch_0005_01910,8,synthetic,2020-2021,14
SYNTH_8B_batch_0004_00148,13,synthetic,2020-2021,14
SYNTH_8B_batch_0005_01580,14,synthetic,2020-2021,14
SYNTH_8B_batch_0005_00348,0,synthetic,2020-2021,14
SYNTH_8B_batch_0005_00800,14,synthetic,2020-2021,14
SYNTH_8B_batch_0001_00018,1,synthetic,2020-2021,14
SYNTH_8B_batch_0002_00250,4,synthetic,2020-2021,14
