date,observed_pm25,predicted_pm25,residual,abs_error
2022-01-15,341.99,316.8595,-25.130493,25.130493
2022-01-16,381.91,331.09198,-50.818024,50.818024
2022-01-17,188.72,345.21045,156.49045,156.49045
2022-01-18,321.04,345.63733,24.59732,24.59732
2022-01-19,285.2,356.17908,70.979065,70.979065
2022-01-20,210.98,350.13782,139.15782,139.15782
2022-01-21,327.57,321.3772,-6.19281,6.19281
2022-01-22,234.16,294.34467,60.18466,60.18466
2022-01-23,358.61,259.5055,-99.10449,99.10449
2022-01-24,327.76,239.11171,-88.6483,88.6483
2022-01-25,337.91,246.76141,-91.14859,91.14859
2022-01-26,330.71,275.9074,-54.80258,54.80258
2022-01-27,297.47,314.29736,16.827362,16.827362
2022-01-28,254.19,317.55887,63.368866,63.368866
2022-01-29,283.4,307.3199,23.919891,23.919891
2022-01-30,319.78,281.6114,-38.16861,38.16861
2022-01-31,360.99,269.98773,-91.00226,91.00226
2022-02-01,220.69,251.98682,31.296814,31.296814
2022-02-02,212.84,265.14777,52.30777,52.30777
2022-02-03,144.14,249.89857,105.758575,105.758575
2022-02-04,182.19,216.57576,34.385757,34.385757
2022-02-05,113.89,174.92497,61.034973,61.034973
2022-02-06,112.85,160.20065,47.350655,47.350655
2022-02-07,222.53,175.62022,-46.909775,46.909775
2022-02-08,198.47,190.08705,-8.38295,8.38295
2022-02-09,213.66,189.15102,-24.508987,24.508987
2022-02-10,123.74,165.71391,41.973915,41.973915
2022-02-11,150.11,157.82253,7.7125244,7.7125244
2022-02-12,221.19,150.9643,-70.22571,70.22571
2022-02-13,203.75,146.99338,-56.756622,56.756622
2022-02-14,191.15,140.10408,-51.045914,51.045914
2022-02-15,207.15,147.99045,-59.159546,59.159546
2022-02-16,181.22,153.33571,-27.884293,27.884293
2022-02-17,131.43,164.39946,32.969467,32.969467
2022-02-18,146.06,168.27168,22.211685,22.211685
2022-02-19,133.81,166.77917,32.969177,32.969177
2022-02-20,143.03,152.3858,9.355804,9.355804
2022-02-21,202.14,137.63391,-64.50609,64.50609
2022-02-22,145.86,120.50186,-25.358139,25.358139
2022-02-23,195.23,83.64411,-111.585884,111.585884
2022-02-24,164.35,57.71966,-106.63034,106.63034
2022-02-25,179.07,56.48822,-122.58179,122.58179
2022-02-26,191.21,55.133232,-136.07678,136.07678
2022-02-27,204.5,61.96647,-142.53354,142.53354
2022-02-28,197.6,69.55574,-128.04427,128.04427
2022-03-01,115.18,94.66065,-20.519348,20.519348
2022-03-02,110.46,121.19469,10.734688,10.734688
2022-03-03,120.31,135.94398,15.633987,15.633987
2022-03-04,109.88,134.72853,24.848534,24.848534
2022-03-05,82.56,134.40999,51.84999,51.84999
2022-03-06,118.01,84.73999,-33.27001,33.27001
2022-03-07,103.29,61.665436,-41.624565,41.624565
2022-03-08,114.55,32.20196,-82.34804,82.34804
2022-03-09,106.67,44.72712,-61.94288,61.94288
2022-03-10,111.28,62.14902,-49.130978,49.130978
2022-03-11,119.09,82.15558,-36.934418,36.934418
2022-03-12,100.21,80.98339,-19.226608,19.226608
2022-03-13,92.73,81.83238,-10.897621,10.897621
2022-03-14,77.49,80.50297,3.01297,3.01297
2022-03-15,133.59,81.5908,-51.9992,51.9992
2022-03-16,122.17,81.52371,-40.646286,40.646286
2022-03-17,126.35,79.32718,-47.02282,47.02282
2022-03-18,124.23,79.68105,-44.54895,44.54895
2022-03-19,119.93,78.76122,-41.168777,41.168777
2022-03-20,92.11,81.87423,-10.235771,10.235771
2022-03-21,116.4,81.00412,-35.39588,35.39588
2022-03-22,89.36,85.1452,-4.214798,4.214798
2022-03-23,71.4,86.64935,15.2493515,15.2493515
2022-03-24,118.57,90.47719,-28.092812,28.092812
2022-03-25,119.92,91.65378,-28.26622,28.26622
2022-03-26,121.99,96.75859,-25.231407,25.231407
2022-03-27,106.16,99.57736,-6.5826416,6.5826416
2022-03-28,73.41,102.29251,28.882507,28.882507
2022-03-29,75.52,107.89182,32.371826,32.371826
2022-03-30,68.36,115.69426,47.33426,47.33426
2022-03-31,96.13,126.235466,30.105469,30.105469
2022-04-01,80.87,132.59625,51.72625,51.72625
2022-04-02,77.6,114.57179,36.971794,36.971794
2022-04-03,116.74,97.91241,-18.82759,18.82759
2022-04-04,83.54,82.14043,-1.3995743,1.3995743
2022-04-05,71.93,95.05731,23.127312,23.127312
2022-04-06,109.62,103.39172,-6.228279,6.228279
2022-04-07,71.47,108.45145,36.981445,36.981445
2022-04-08,77.16,105.374664,28.21466,28.21466
2022-04-09,126.95,108.57526,-18.37474,18.37474
2022-04-10,89.38,112.88406,23.504066,23.504066
2022-04-11,113.32,118.09776,4.7777634,4.7777634
2022-04-12,66.42,117.301254,50.881256,50.881256
2022-04-13,127.8,113.651535,-14.148468,14.148468
2022-04-14,100.69,112.039764,11.349762,11.349762
2022-04-15,69.94,113.2643,43.324295,43.324295
2022-04-16,76.8,118.16426,41.364258,41.364258
2022-04-17,75.3,121.99602,46.696014,46.696014
2022-04-18,100.08,121.78241,21.702408,21.702408
2022-04-19,94.48,126.549644,32.06964,32.06964
2022-04-20,90.96,126.17508,35.21508,35.21508
2022-04-21,132.8,98.65549,-34.144516,34.144516
2022-04-22,71.11,80.12735,9.017349,9.017349
2022-04-23,90.89,69.50049,-21.389511,21.389511
2022-04-24,82.2,89.677284,7.4772873,7.4772873
2022-04-25,116.35,99.84811,-16.501892,16.501892
2022-04-26,98.94,106.254745,7.314743,7.314743
2022-04-27,124.8,104.179276,-20.620728,20.620728
2022-04-28,84.73,104.06461,19.33461,19.33461
2022-04-29,81.25,106.68191,25.431908,25.431908
2022-04-30,127.16,111.79768,-15.36232,15.36232
2022-05-01,93.71,113.12307,19.41307,19.41307
2022-05-02,130.99,111.558395,-19.43161,19.43161
2022-05-03,98.35,101.84738,3.497383,3.497383
2022-05-04,84.13,89.2001,5.0701065,5.0701065
2022-05-05,125.91,75.22621,-50.683792,50.683792
2022-05-06,71.95,65.51327,-6.4367294,6.4367294
2022-05-07,122.37,45.73434,-76.635666,76.635666
2022-05-08,68.92,41.9557,-26.964298,26.964298
2022-05-09,73.93,38.134033,-35.795967,35.795967
2022-05-10,72.0,55.937843,-16.062157,16.062157
2022-05-11,108.25,60.527767,-47.722233,47.722233
2022-05-12,114.95,69.50966,-45.44034,45.44034
2022-05-13,65.99,64.2495,-1.7405014,1.7405014
2022-05-14,76.92,65.58601,-11.333984,11.333984
2022-05-15,75.3,66.625435,-8.674568,8.674568
2022-05-16,87.74,78.060234,-9.679764,9.679764
2022-05-17,93.83,87.62357,-6.2064285,6.2064285
2022-05-18,85.73,94.276764,8.546761,8.546761
2022-05-19,116.73,91.64111,-25.08889,25.08889
2022-05-20,123.68,92.032135,-31.647865,31.647865
2022-05-21,104.87,90.181496,-14.688507,14.688507
2022-05-22,87.12,89.38702,2.2670135,2.2670135
2022-05-23,105.33,83.47249,-21.857513,21.857513
2022-05-24,106.52,78.12306,-28.396935,28.396935
2022-05-25,78.55,29.470541,-49.07946,49.07946
2022-05-26,99.14,11.824513,-87.31548,87.31548
2022-05-27,71.56,8.698276,-62.86172,62.86172
2022-05-28,85.74,16.660383,-69.07961,69.07961
2022-05-29,92.74,21.588778,-71.15122,71.15122
2022-05-30,124.72,23.726894,-100.9931,100.9931
2022-05-31,103.92,13.430675,-90.48933,90.48933
2022-06-01,127.94,20.429377,-107.51063,107.51063
2022-06-02,100.78,22.24067,-78.53933,78.53933
2022-06-03,134.75,43.223366,-91.526634,91.526634
2022-06-04,120.39,56.036156,-64.35384,64.35384
2022-06-05,122.69,88.83039,-33.85961,33.85961
2022-06-06,86.47,107.807205,21.337204,21.337204
2022-06-07,102.06,119.55319,17.493195,17.493195
2022-06-08,125.54,123.84915,-1.6908493,1.6908493
2022-06-09,83.05,124.865295,41.815292,41.815292
2022-06-10,116.51,127.679016,11.169014,11.169014
2022-06-11,134.31,128.46739,-5.8426056,5.8426056
2022-06-12,133.09,130.50558,-2.5844116,2.5844116
2022-06-13,103.26,131.99919,28.73919,28.73919
2022-06-14,95.19,131.83546,36.645462,36.645462
2022-06-15,93.29,128.75328,35.46328,35.46328
2022-06-16,91.48,117.008255,25.528252,25.528252
2022-06-17,110.48,108.562454,-1.9175491,1.9175491
2022-06-18,93.66,89.9615,-3.6985016,3.6985016
2022-06-19,125.56,76.40761,-49.15239,49.15239
2022-06-20,94.18,50.710976,-43.469025,43.469025
2022-06-21,96.18,33.433044,-62.746956,62.746956
2022-06-22,99.1,25.979385,-73.12061,73.12061
2022-06-23,109.41,25.50327,-83.90674,83.90674
2022-06-24,98.12,27.187185,-70.932816,70.932816
2022-06-25,120.94,32.499924,-88.44008,88.44008
2022-06-26,83.12,39.387833,-43.73217,43.73217
2022-06-27,107.87,42.32653,-65.54347,65.54347
2022-06-28,129.17,41.11684,-88.05316,88.05316
2022-06-29,116.82,35.946667,-80.87334,80.87334
2022-06-30,98.93,33.16867,-65.76133,65.76133
2022-07-01,52.54,32.769005,-19.770996,19.770996
2022-07-02,58.8,26.91875,-31.881248,31.881248
2022-07-03,31.26,23.410372,-7.8496284,7.8496284
2022-07-04,53.55,23.430922,-30.119078,30.119078
2022-07-05,34.83,26.666605,-8.163397,8.163397
2022-07-06,62.08,35.568645,-26.511356,26.511356
2022-07-07,45.32,37.90654,-7.41346,7.41346
2022-07-08,47.13,47.949963,0.81996155,0.81996155
2022-07-09,65.54,43.841393,-21.698608,21.698608
2022-07-10,60.67,43.11769,-17.552307,17.552307
2022-07-11,44.07,42.387962,-1.6820374,1.6820374
2022-07-12,56.08,58.84036,2.760357,2.760357
2022-07-13,53.48,70.04512,16.56512,16.56512
2022-07-14,40.03,55.776115,15.746117,15.746117
2022-07-15,37.2,40.648354,3.4483528,3.4483528
2022-07-16,54.32,28.869055,-25.450945,25.450945
2022-07-17,31.23,31.441326,0.2113266,0.2113266
2022-07-18,46.01,37.14949,-8.860508,8.860508
2022-07-19,55.3,42.1138,-13.186199,13.186199
2022-07-20,30.81,31.828918,1.018919,1.018919
2022-07-21,48.02,28.692978,-19.327023,19.327023
2022-07-22,54.26,27.522085,-26.737913,26.737913
2022-07-23,24.31,36.29666,11.986662,11.986662
2022-07-24,50.75,47.5017,-3.2482986,3.2482986
2022-07-25,30.74,39.349304,8.609304,8.609304
2022-07-26,50.85,24.934301,-25.915697,25.915697
2022-07-27,37.54,20.669374,-16.870626,16.870626
2022-07-28,37.53,21.279581,-16.250418,16.250418
2022-07-29,22.67,22.171162,-0.49883842,0.49883842
2022-07-30,54.32,22.41914,-31.90086,31.90086
2022-07-31,39.8,22.774668,-17.025331,17.025331
2022-08-01,30.76,26.688509,-4.0714912,4.0714912
2022-08-02,50.57,50.432323,-0.13767624,0.13767624
2022-08-03,28.9,41.116768,12.216768,12.216768
2022-08-04,56.08,29.502615,-26.577387,26.577387
2022-08-05,62.09,25.998491,-36.091507,36.091507
2022-08-06,61.57,26.39905,-35.17095,35.17095
2022-08-07,53.69,27.946016,-25.743982,25.743982
2022-08-08,36.91,39.195217,2.2852173,2.2852173
2022-08-09,63.34,56.798042,-6.541958,6.541958
2022-08-10,22.38,67.722565,45.342567,45.342567
2022-08-11,46.49,50.41505,3.9250488,3.9250488
2022-08-12,49.92,47.64337,-2.2766266,2.2766266
2022-08-13,51.43,27.441774,-23.988226,23.988226
2022-08-14,59.1,25.558289,-33.54171,33.54171
2022-08-15,37.94,21.534758,-16.405241,16.405241
2022-08-16,61.39,22.786943,-38.603058,38.603058
2022-08-17,36.99,19.692034,-17.297968,17.297968
2022-08-18,40.48,18.066584,-22.413416,22.413416
2022-08-19,56.17,17.161509,-39.00849,39.00849
2022-08-20,38.59,23.216082,-15.373919,15.373919
2022-08-21,23.29,24.548826,1.2588253,1.2588253
2022-08-22,53.18,25.762701,-27.4173,27.4173
2022-08-23,37.62,29.858652,-7.761347,7.761347
2022-08-24,38.53,26.876291,-11.6537075,11.6537075
2022-08-25,41.93,25.415798,-16.514202,16.514202
2022-08-26,34.72,21.539907,-13.180094,13.180094
2022-08-27,60.48,23.636618,-36.843384,36.843384
2022-08-28,26.49,33.71058,7.220579,7.220579
2022-08-29,60.14,61.97249,1.832489,1.832489
2022-08-30,42.4,75.57884,33.17884,33.17884
2022-08-31,46.92,87.78163,40.861633,40.861633
2022-09-01,37.14,59.54364,22.40364,22.40364
2022-09-02,54.94,37.42338,-17.516617,17.516617
2022-09-03,31.49,31.822803,0.33280373,0.33280373
2022-09-04,45.48,30.72774,-14.75226,14.75226
2022-09-05,49.29,30.634607,-18.655394,18.655394
2022-09-06,40.18,37.184982,-2.995018,2.995018
2022-09-07,33.94,50.696327,16.756329,16.756329
2022-09-08,44.04,72.31383,28.273827,28.273827
2022-09-09,36.83,82.42403,45.594025,45.594025
2022-09-10,53.23,67.45143,14.221432,14.221432
2022-09-11,26.55,57.299065,30.749065,30.749065
2022-09-12,26.22,44.160988,17.940989,17.940989
2022-09-13,34.17,49.144966,14.974968,14.974968
2022-09-14,62.77,64.64044,1.8704414,1.8704414
2022-09-15,31.17,56.234978,25.064978,25.064978
2022-09-16,53.37,33.900482,-19.469517,19.469517
2022-09-17,44.65,20.83258,-23.817421,23.817421
2022-09-18,30.26,17.641876,-12.618124,12.618124
2022-09-19,29.34,28.497301,-0.84269905,0.84269905
2022-09-20,36.38,33.928345,-2.4516563,2.4516563
2022-09-21,28.49,47.207806,18.717806,18.717806
2022-09-22,38.79,34.38861,-4.40139,4.40139
2022-09-23,28.33,31.525904,3.1959038,3.1959038
2022-09-24,58.3,26.21253,-32.08747,32.08747
2022-09-25,36.43,21.031536,-15.398464,15.398464
2022-09-26,39.14,17.593164,-21.546835,21.546835
2022-09-27,30.85,16.433563,-14.416437,14.416437
2022-09-28,51.83,16.87567,-34.95433,34.95433
2022-09-29,62.74,18.843847,-43.896156,43.896156
2022-09-30,49.96,30.232191,-19.727808,19.727808
2022-10-01,216.32,55.554672,-160.76534,160.76534
2022-10-02,216.93,71.68114,-145.24886,145.24886
2022-10-03,128.81,89.96811,-38.84189,38.84189
2022-10-04,139.93,122.8176,-17.112396,17.112396
2022-10-05,208.26,144.26212,-63.99788,63.99788
2022-10-06,161.39,133.27786,-28.112137,28.112137
2022-10-07,175.54,116.042496,-59.497498,59.497498
2022-10-08,171.48,114.75401,-56.725983,56.725983
2022-10-09,215.35,123.80179,-91.54822,91.54822
2022-10-10,108.04,131.55077,23.510765,23.510765
2022-10-11,219.23,113.8549,-105.3751,105.3751
2022-10-12,221.18,109.372055,-111.80794,111.80794
2022-10-13,113.94,121.92529,7.9852905,7.9852905
2022-10-14,129.29,148.66725,19.377258,19.377258
2022-10-15,156.99,179.82503,22.835022,22.835022
2022-10-16,224.12,189.5703,-34.549698,34.549698
2022-10-17,177.53,169.89697,-7.633026,7.633026
2022-10-18,161.43,174.99852,13.568527,13.568527
2022-10-19,147.98,176.9329,28.952911,28.952911
2022-10-20,199.18,180.31467,-18.865326,18.865326
2022-10-21,202.47,166.96202,-35.50798,35.50798
2022-10-22,179.7,174.63661,-5.063385,5.063385
2022-10-23,111.64,186.80624,75.166245,75.166245
2022-10-24,143.29,207.09119,63.801193,63.801193
2022-10-25,192.6,215.37595,22.77594,22.77594
2022-10-26,144.35,212.04475,67.69475,67.69475
2022-10-27,132.34,196.61272,64.27272,64.27272
2022-10-28,223.13,197.51932,-25.610687,25.610687
2022-10-29,205.21,201.69493,-3.5150757,3.5150757
2022-10-30,125.0,224.50285,99.50285,99.50285
2022-10-31,149.78,231.57285,81.79285,81.79285
2022-11-01,244.85,240.20407,-4.645935,4.645935
2022-11-02,355.74,230.44681,-125.29318,125.29318
2022-11-03,287.67,240.8452,-46.824814,46.824814
2022-11-04,230.06,270.59418,40.53418,40.53418
2022-11-05,306.59,292.38834,-14.20166,14.20166
2022-11-06,218.64,292.71378,74.07378,74.07378
2022-11-07,199.33,263.29245,63.96245,63.96245
2022-11-08,371.31,259.41934,-111.890656,111.890656
2022-11-09,328.2,265.35175,-62.848267,62.848267
2022-11-10,366.71,270.48572,-96.22427,96.22427
2022-11-11,198.79,290.73105,91.941055,91.941055
2022-11-12,213.82,304.51056,90.69055,90.69055
2022-11-13,258.63,327.37094,68.74094,68.74094
2022-11-14,280.3,302.8082,22.50821,22.50821
2022-11-15,293.9,262.32965,-31.570343,31.570343
2022-11-16,212.54,246.8283,34.2883,34.2883
2022-11-17,306.56,271.7784,-34.781586,34.781586
2022-11-18,351.34,302.56598,-48.774017,48.774017
2022-11-19,339.16,311.42065,-27.73935,27.73935
2022-11-20,263.98,314.81726,50.83725,50.83725
2022-11-21,281.6,339.3907,57.79068,57.79068
2022-11-22,244.42,350.1924,105.772415,105.772415
2022-11-23,312.01,341.58725,29.57724,29.57724
2022-11-24,266.51,316.8803,50.3703,50.3703
2022-11-25,266.24,301.42017,35.180176,35.180176
2022-11-26,288.98,298.26013,9.280121,9.280121
2022-11-27,272.0,314.55096,42.550964,42.550964
2022-11-28,223.66,314.95752,91.297516,91.297516
2022-11-29,208.71,312.04816,103.33815,103.33815
2022-11-30,317.81,288.1922,-29.617798,29.617798
2022-12-01,259.62,290.45398,30.833984,30.833984
2022-12-02,228.87,284.6881,55.818115,55.818115
2022-12-03,289.45,273.28894,-16.161072,16.161072
2022-12-04,309.45,269.68872,-39.76129,39.76129
2022-12-05,229.57,275.02386,45.453857,45.453857
2022-12-06,275.73,285.05865,9.328644,9.328644
2022-12-07,347.44,288.06512,-59.374878,59.374878
2022-12-08,196.62,278.52408,81.90408,81.90408
2022-12-09,229.6,269.72778,40.127777,40.127777
2022-12-10,219.51,246.5926,27.082611,27.082611
2022-12-11,233.59,243.5746,9.984604,9.984604
2022-12-12,361.03,241.92679,-119.10321,119.10321
2022-12-13,223.04,257.0478,34.007797,34.007797
2022-12-14,369.12,271.78247,-97.337524,97.337524
2022-12-15,214.0,278.21344,64.21344,64.21344
2022-12-16,257.08,279.87726,22.797272,22.797272
2022-12-17,243.69,267.5189,23.828888,23.828888
2022-12-18,278.85,252.20148,-26.64853,26.64853
2022-12-19,220.09,251.34099,31.250992,31.250992
2022-12-20,196.26,261.445,65.18501,65.18501
2022-12-21,221.9,280.4473,58.547302,58.547302
2022-12-22,389.87,293.55383,-96.31616,96.31616
2022-12-23,205.95,294.5782,88.62819,88.62819
2022-12-24,239.8,303.26266,63.46266,63.46266
2022-12-25,346.84,309.3518,-37.48819,37.48819
2022-12-26,317.58,324.9195,7.339508,7.339508
2022-12-27,236.9,327.02002,90.120026,90.120026
2022-12-28,204.21,327.7884,123.578384,123.578384
2022-12-29,300.03,309.99677,9.966766,9.966766
2022-12-30,383.61,300.6759,-82.93408,82.93408
2022-12-31,199.18,270.505,71.32501,71.32501
2023-01-01,239.46,277.98242,38.522415,38.522415
2023-01-02,381.49,276.491,-104.99899,104.99899
2023-01-03,320.85,306.7362,-14.1138,14.1138
2023-01-04,236.58,314.50372,77.92372,77.92372
2023-01-05,312.09,338.25623,26.16623,26.16623
2023-01-06,212.71,322.74142,110.03142,110.03142
2023-01-07,377.39,329.91666,-47.47336,47.47336
2023-01-08,316.18,326.99094,10.810944,10.810944
2023-01-09,305.62,332.48242,26.862427,26.862427
2023-01-10,323.93,339.2258,15.295807,15.295807
2023-01-11,354.84,359.03302,4.1930237,4.1930237
2023-01-12,246.66,357.5671,110.907104,110.907104
2023-01-13,294.02,329.97275,35.95276,35.95276
2023-01-14,359.52,292.94403,-66.57596,66.57596
2023-01-15,335.57,281.89233,-53.677673,53.677673
2023-01-16,303.21,292.0987,-11.111298,11.111298
2023-01-17,311.94,315.20703,3.2670288,3.2670288
2023-01-18,329.09,324.5108,-4.579193,4.579193
2023-01-19,303.74,332.04602,28.30603,28.30603
2023-01-20,311.05,339.03717,27.987183,27.987183
2023-01-21,284.12,328.74774,44.627747,44.627747
2023-01-22,293.96,303.52,9.559998,9.559998
2023-01-23,371.63,283.40207,-88.227936,88.227936
2023-01-24,218.15,271.87567,53.725677,53.725677
2023-01-25,312.9,254.47606,-58.423935,58.423935
2023-01-26,303.74,247.22406,-56.51593,56.51593
2023-01-27,296.51,258.60895,-37.901062,37.901062
2023-01-28,233.49,272.75253,39.262527,39.262527
2023-01-29,334.08,279.242,-54.837982,54.837982
2023-01-30,211.28,260.20532,48.925323,48.925323
2023-01-31,339.59,251.45068,-88.13931,88.13931
2023-02-01,164.87,230.89934,66.02934,66.02934
2023-02-02,127.79,226.49654,98.706535,98.706535
2023-02-03,175.55,215.97176,40.421753,40.421753
2023-02-04,153.81,210.01112,56.201126,56.201126
2023-02-05,180.11,193.36668,13.256683,13.256683
2023-02-06,169.35,195.14928,25.79927,25.79927
2023-02-07,224.72,148.91545,-75.80455,75.80455
2023-02-08,191.15,147.34227,-43.807724,43.807724
2023-02-09,192.06,129.2263,-62.833694,62.833694
2023-02-10,180.68,117.58133,-63.098663,63.098663
2023-02-11,148.21,91.38047,-56.829536,56.829536
2023-02-12,212.69,93.92775,-118.76225,118.76225
2023-02-13,116.09,112.49876,-3.59124,3.59124
2023-02-14,197.82,121.24646,-76.57355,76.57355
2023-02-15,232.54,115.25654,-117.283455,117.283455
2023-02-16,111.42,114.74324,3.3232422,3.3232422
2023-02-17,214.78,119.34403,-95.43597,95.43597
2023-02-18,204.58,141.87935,-62.700653,62.700653
2023-02-19,132.59,156.22981,23.639816,23.639816
2023-02-20,209.82,165.58397,-44.23604,44.23604
2023-02-21,236.66,147.28696,-89.37305,89.37305
2023-02-22,230.27,132.94072,-97.329285,97.329285
2023-02-23,174.23,135.32796,-38.90204,38.90204
2023-02-24,116.93,145.69965,28.769646,28.769646
2023-02-25,210.16,141.18913,-68.97087,68.97087
2023-02-26,205.45,131.31064,-74.13936,74.13936
2023-02-27,162.72,132.33295,-30.387054,30.387054
2023-02-28,201.67,142.24712,-59.422882,59.422882
2023-03-01,104.82,146.04521,41.225212,41.225212
2023-03-02,70.11,129.25188,59.141876,59.141876
2023-03-03,109.89,110.09696,0.20696259,0.20696259
2023-03-04,136.3,90.68497,-45.615036,45.615036
2023-03-05,92.48,95.93005,3.4500504,3.4500504
2023-03-06,124.25,93.13025,-31.119751,31.119751
2023-03-07,126.99,89.39183,-37.598167,37.598167
2023-03-08,80.78,85.891266,5.111267,5.111267
2023-03-09,89.1,90.78139,1.6813889,1.6813889
2023-03-10,110.09,93.35402,-16.735977,16.735977
2023-03-11,68.26,93.06997,24.809967,24.809967
2023-03-12,99.6,89.38292,-10.217079,10.217079
2023-03-13,77.25,91.5869,14.336899,14.336899
2023-03-14,75.38,96.30088,20.920883,20.920883
2023-03-15,125.53,67.23491,-58.29509,58.29509
2023-03-16,131.2,53.106445,-78.09355,78.09355
2023-03-17,94.86,45.71102,-49.14898,49.14898
2023-03-18,125.06,66.707115,-58.352882,58.352882
2023-03-19,96.47,80.70125,-15.768753,15.768753
2023-03-20,109.25,86.78294,-22.467056,22.467056
2023-03-21,77.62,73.282974,-4.3370285,4.3370285
2023-03-22,124.05,57.649513,-66.40049,66.40049
2023-03-23,96.0,52.39407,-43.60593,43.60593
2023-03-24,106.02,61.0099,-45.010098,45.010098
2023-03-25,129.35,53.67726,-75.672745,75.672745
2023-03-26,67.38,53.98495,-13.395046,13.395046
2023-03-27,119.31,56.036568,-63.27343,63.27343
2023-03-28,128.65,57.940063,-70.70993,70.70993
2023-03-29,116.65,64.35982,-52.290184,52.290184
2023-03-30,136.66,72.01409,-64.64591,64.64591
2023-03-31,76.84,77.551735,0.7117386,0.7117386
2023-04-01,104.29,73.94695,-30.343048,30.343048
2023-04-02,128.98,66.423386,-62.55661,62.55661
2023-04-03,89.28,52.831116,-36.448883,36.448883
2023-04-04,95.57,44.788193,-50.781807,50.781807
2023-04-05,113.39,40.66391,-72.72609,72.72609
2023-04-06,100.27,41.167667,-59.10233,59.10233
2023-04-07,68.61,43.90388,-24.70612,24.70612
2023-04-08,105.8,47.485336,-58.314667,58.314667
2023-04-09,133.86,55.673073,-78.18693,78.18693
2023-04-10,88.52,40.86059,-47.659405,47.659405
2023-04-11,119.16,40.98809,-78.17191,78.17191
2023-04-12,73.24,34.857006,-38.38299,38.38299
2023-04-13,102.81,58.271496,-44.5385,44.5385
2023-04-14,125.08,70.77932,-54.300682,54.300682
2023-04-15,109.23,91.181625,-18.048378,18.048378
2023-04-16,82.23,99.802376,17.572372,17.572372
2023-04-17,102.93,81.23845,-21.691551,21.691551
2023-04-18,120.09,60.392464,-59.697533,59.697533
2023-04-19,133.3,52.063892,-81.236115,81.236115
2023-04-20,116.88,49.64399,-67.23601,67.23601
2023-04-21,74.42,66.57493,-7.84507,7.84507
2023-04-22,133.84,72.94737,-60.892624,60.892624
2023-04-23,75.68,80.6225,4.9424973,4.9424973
2023-04-24,69.16,83.292435,14.132431,14.132431
2023-04-25,76.07,90.817215,14.747215,14.747215
2023-04-26,93.19,90.52812,-2.6618805,2.6618805
2023-04-27,90.77,88.89165,-1.8783493,1.8783493
2023-04-28,117.81,85.56279,-32.247208,32.247208
2023-04-29,74.47,87.38005,12.910049,12.910049
2023-04-30,93.85,89.567345,-4.282654,4.282654
2023-05-01,74.08,87.53711,13.457108,13.457108
2023-05-02,65.91,74.83472,8.924713,8.924713
2023-05-03,89.65,49.987137,-39.662865,39.662865
2023-05-04,126.24,28.50269,-97.737305,97.737305
2023-05-05,87.39,21.630568,-65.75943,65.75943
2023-05-06,131.86,24.268997,-107.591,107.591
2023-05-07,91.56,36.508125,-55.051872,55.051872
2023-05-08,100.05,37.955917,-62.094086,62.094086
2023-05-09,69.35,47.848793,-21.501205,21.501205
2023-05-10,120.7,55.024532,-65.67546,65.67546
2023-05-11,101.81,68.35373,-33.45627,33.45627
2023-05-12,95.71,77.15051,-18.559486,18.559486
2023-05-13,108.79,86.16385,-22.626152,22.626152
2023-05-14,72.48,89.651985,17.171982,17.171982
2023-05-15,71.17,91.09124,19.921242,19.921242
2023-05-16,119.41,90.99813,-28.411873,28.411873
2023-05-17,115.4,92.21486,-23.185143,23.185143
2023-05-18,114.62,90.462845,-24.157158,24.157158
2023-05-19,93.33,80.074455,-13.255547,13.255547
2023-05-20,119.31,73.49439,-45.815605,45.815605
2023-05-21,111.97,63.806942,-48.16306,48.16306
2023-05-22,128.72,76.04307,-52.676933,52.676933
2023-05-23,83.63,79.13015,-4.4998474,4.4998474
2023-05-24,111.61,83.337746,-28.272255,28.272255
2023-05-25,93.76,80.23646,-13.523544,13.523544
2023-05-26,108.45,74.58594,-33.86406,33.86406
2023-05-27,99.02,69.45581,-29.564186,29.564186
2023-05-28,125.01,52.252945,-72.75706,72.75706
2023-05-29,85.04,35.959923,-49.08008,49.08008
2023-05-30,87.81,25.468252,-62.341743,62.341743
2023-05-31,115.71,25.62266,-90.08734,90.08734
2023-06-01,130.08,28.465437,-101.61456,101.61456
2023-06-02,72.81,8.114268,-64.69573,64.69573
2023-06-03,93.67,5.9126787,-87.75732,87.75732
2023-06-04,78.96,10.628318,-68.33168,68.33168
2023-06-05,130.55,41.606323,-88.94368,88.94368
2023-06-06,121.24,63.071434,-58.168564,58.168564
2023-06-07,109.41,78.76483,-30.645172,30.645172
2023-06-08,115.73,81.10723,-34.622772,34.622772
2023-06-09,80.17,88.75512,8.585121,8.585121
2023-06-10,88.66,97.14717,8.487167,8.487167
2023-06-11,130.69,101.969345,-28.720657,28.720657
2023-06-12,81.66,105.060425,23.400421,23.400421
2023-06-13,106.68,102.649216,-4.0307846,4.0307846
2023-06-14,84.1,97.80958,13.709579,13.709579
2023-06-15,90.34,93.14264,2.8026428,2.8026428
2023-06-16,67.99,93.73247,25.74247,25.74247
2023-06-17,78.56,93.6767,15.116699,15.116699
2023-06-18,129.04,94.17269,-34.867302,34.867302
2023-06-19,69.16,59.514366,-9.6456375,9.6456375
2023-06-20,80.48,47.10959,-33.370415,33.370415
2023-06-21,123.47,35.821335,-87.64867,87.64867
2023-06-22,131.64,31.909601,-99.7304,99.7304
2023-06-23,122.07,29.420893,-92.64911,92.64911
2023-06-24,96.61,27.713709,-68.89629,68.89629
2023-06-25,99.85,24.437403,-75.4126,75.4126
2023-06-26,79.04,23.21839,-55.82161,55.82161
2023-06-27,114.38,26.301016,-88.07898,88.07898
2023-06-28,119.49,29.049925,-90.44007,90.44007
2023-06-29,97.37,38.388824,-58.98118,58.98118
2023-06-30,93.92,23.098734,-70.821266,70.821266
2023-07-01,46.86,19.54723,-27.31277,27.31277
2023-07-02,42.9,17.55333,-25.346672,25.346672
2023-07-03,29.12,16.09486,-13.025141,13.025141
2023-07-04,28.39,20.896376,-7.4936237,7.4936237
2023-07-05,22.37,30.289692,7.919691,7.919691
2023-07-06,51.22,52.492115,1.2721138,1.2721138
2023-07-07,48.24,61.185524,12.945522,12.945522
2023-07-08,41.59,50.650543,9.060543,9.060543
2023-07-09,58.8,32.808838,-25.991161,25.991161
2023-07-10,41.95,23.871128,-18.078873,18.078873
2023-07-11,32.07,21.689047,-10.380953,10.380953
2023-07-12,28.71,22.393389,-6.3166103,6.3166103
2023-07-13,42.14,23.970825,-18.169174,18.169174
2023-07-14,27.03,24.741755,-2.2882462,2.2882462
2023-07-15,42.21,24.497665,-17.712334,17.712334
2023-07-16,31.48,22.740076,-8.7399235,8.7399235
2023-07-17,55.16,23.171965,-31.988035,31.988035
2023-07-18,33.31,28.486467,-4.823534,4.823534
2023-07-19,31.51,45.474983,13.964983,13.964983
2023-07-20,42.4,49.682846,7.2828445,7.2828445
2023-07-21,60.56,40.053307,-20.506695,20.506695
2023-07-22,35.38,28.117498,-7.2625027,7.2625027
2023-07-23,28.23,26.040194,-2.189806,2.189806
2023-07-24,41.48,25.698975,-15.781025,15.781025
2023-07-25,62.24,33.02855,-29.211452,29.211452
2023-07-26,59.42,42.16418,-17.255817,17.255817
2023-07-27,54.48,31.926311,-22.553688,22.553688
2023-07-28,22.94,27.4847,4.5446987,4.5446987
2023-07-29,24.18,23.57922,-0.6007805,0.6007805
2023-07-30,55.29,29.252108,-26.037893,26.037893
2023-07-31,60.06,43.58014,-16.479862,16.479862
2023-08-01,39.67,62.89168,23.221684,23.221684
2023-08-02,37.24,38.831547,1.5915451,1.5915451
2023-08-03,30.02,28.750631,-1.2693691,1.2693691
2023-08-04,53.14,19.468977,-33.67102,33.67102
2023-08-05,53.06,22.132992,-30.92701,30.92701
2023-08-06,54.5,23.647167,-30.852833,30.852833
2023-08-07,60.47,36.094994,-24.375008,24.375008
2023-08-08,47.48,44.750847,-2.7291527,2.7291527
2023-08-09,31.38,57.360176,25.980177,25.980177
2023-08-10,36.83,58.662254,21.832253,21.832253
2023-08-11,31.86,64.190056,32.330055,32.330055
2023-08-12,58.69,50.383007,-8.306992,8.306992
2023-08-13,43.49,31.614336,-11.875666,11.875666
2023-08-14,31.8,26.970552,-4.829447,4.829447
2023-08-15,49.06,29.531387,-19.528614,19.528614
2023-08-16,29.53,32.149193,2.6191921,2.6191921
2023-08-17,65.94,31.951637,-33.988365,33.988365
2023-08-18,27.67,35.610832,7.940832,7.940832
2023-08-19,37.6,32.22778,-5.372219,5.372219
2023-08-20,29.97,36.083664,6.1136646,6.1136646
2023-08-21,35.15,35.141815,-0.00818634,0.00818634
2023-08-22,53.04,41.81994,-11.220062,11.220062
2023-08-23,33.81,56.19152,22.38152,22.38152
2023-08-24,32.07,66.35318,34.28318,34.28318
2023-08-25,59.7,63.76069,4.060688,4.060688
2023-08-26,32.28,43.806232,11.526234,11.526234
2023-08-27,58.62,40.253174,-18.366825,18.366825
2023-08-28,43.87,42.041496,-1.8285027,1.8285027
2023-08-29,43.96,62.357677,18.397678,18.397678
2023-08-30,47.72,49.607925,1.8879242,1.8879242
2023-08-31,29.23,49.40605,20.176052,20.176052
2023-09-01,32.59,36.681873,4.091873,4.091873
2023-09-02,61.23,36.351986,-24.878014,24.878014
2023-09-03,53.8,33.21471,-20.585289,20.585289
2023-09-04,30.32,34.356956,4.036957,4.036957
2023-09-05,61.49,48.471046,-13.018955,13.018955
2023-09-06,32.33,79.377975,47.047974,47.047974
2023-09-07,62.21,95.96864,33.758644,33.758644
2023-09-08,34.47,81.68645,47.216446,47.216446
2023-09-09,47.93,61.007843,13.077843,13.077843
2023-09-10,57.36,47.57446,-9.785542,9.785542
2023-09-11,50.46,44.49561,-5.96439,5.96439
2023-09-12,31.92,28.832228,-3.0877724,3.0877724
2023-09-13,41.95,24.80633,-17.143671,17.143671
2023-09-14,59.91,22.600729,-37.309273,37.309273
2023-09-15,55.44,24.294758,-31.14524,31.14524
2023-09-16,55.27,26.107946,-29.162054,29.162054
2023-09-17,39.34,24.409952,-14.930048,14.930048
2023-09-18,48.46,30.906076,-17.553923,17.553923
2023-09-19,48.52,34.608383,-13.911617,13.911617
2023-09-20,21.99,29.78298,7.79298,7.79298
2023-09-21,40.18,23.48425,-16.695751,16.695751
2023-09-22,60.45,23.706985,-36.743015,36.743015
2023-09-23,24.44,28.175379,3.7353783,3.7353783
2023-09-24,33.16,28.566233,-4.593767,4.593767
2023-09-25,28.58,27.353193,-1.2268066,1.2268066
2023-09-26,22.81,27.012203,4.2022038,4.2022038
2023-09-27,48.12,42.43,-5.6899986,5.6899986
2023-09-28,53.37,34.426098,-18.943901,18.943901
2023-09-29,37.29,35.186428,-2.1035728,2.1035728
2023-09-30,49.6,31.779716,-17.820282,17.820282
2023-10-01,174.18,50.836548,-123.343445,123.343445
2023-10-02,154.64,76.68642,-77.95358,77.95358
2023-10-03,199.2,106.06259,-93.137405,93.137405
2023-10-04,126.65,113.0184,-13.631599,13.631599
2023-10-05,222.5,123.00609,-99.49391,99.49391
2023-10-06,158.65,129.29712,-29.352875,29.352875
2023-10-07,174.47,132.19096,-42.279037,42.279037
2023-10-08,140.21,136.7599,-3.4501038,3.4501038
2023-10-09,167.07,136.92516,-30.144852,30.144852
2023-10-10,124.27,124.680984,0.41098785,0.41098785
2023-10-11,131.91,117.47066,-14.439346,14.439346
2023-10-12,117.22,117.6637,0.44369507,0.44369507
2023-10-13,138.11,128.94824,-9.161758,9.161758
2023-10-14,197.03,130.17468,-66.855316,66.855316
2023-10-15,209.04,133.8703,-75.16969,75.16969
2023-10-16,123.9,144.45891,20.558907,20.558907
2023-10-17,230.08,140.84612,-89.23389,89.23389
2023-10-18,179.33,129.25163,-50.07837,50.07837
2023-10-19,172.88,147.51248,-25.367523,25.367523
2023-10-20,180.4,173.15712,-7.242874,7.242874
2023-10-21,210.06,206.34102,-3.718979,3.718979
2023-10-22,182.07,212.28569,30.215683,30.215683
2023-10-23,121.64,216.5435,94.9035,94.9035
2023-10-24,153.94,220.31322,66.373215,66.373215
2023-10-25,216.04,216.6388,0.59880066,0.59880066
2023-10-26,172.16,214.82875,42.668747,42.668747
2023-10-27,188.76,206.15794,17.39795,17.39795
2023-10-28,177.12,206.40063,29.28064,29.28064
2023-10-29,214.59,209.6317,-4.9582977,4.9582977
2023-10-30,210.88,207.1494,-3.730606,3.730606
2023-10-31,203.24,197.25587,-5.984131,5.984131
2023-11-01,302.24,190.96712,-111.27287,111.27287
2023-11-02,393.07,202.22029,-190.84972,190.84972
2023-11-03,196.21,235.81749,39.607483,39.607483
2023-11-04,298.38,267.17587,-31.204132,31.204132
2023-11-05,373.56,293.34692,-80.21307,80.21307
2023-11-06,366.24,298.93488,-67.305115,67.305115
2023-11-07,347.66,310.83823,-36.821777,36.821777
2023-11-08,254.75,323.32062,68.57062,68.57062
2023-11-09,200.48,337.36975,136.88976,136.88976
2023-11-10,227.36,340.10797,112.74797,112.74797
2023-11-11,359.41,322.03278,-37.377228,37.377228
2023-11-12,333.74,312.5064,-21.233582,21.233582
2023-11-13,332.92,321.78107,-11.138947,11.138947
2023-11-14,341.35,348.93756,7.587555,7.587555
2023-11-15,318.23,376.41696,58.18695,58.18695
2023-11-16,334.27,379.47763,45.20764,45.20764
2023-11-17,288.06,383.70407,95.64407,95.64407
2023-11-18,373.14,358.57693,-14.56308,14.56308
2023-11-19,304.92,342.12,37.19998,37.19998
2023-11-20,239.05,321.0334,81.98338,81.98338
2023-11-21,258.06,338.60605,80.54605,80.54605
2023-11-22,354.5,350.65878,-3.841217,3.841217
2023-11-23,334.19,357.06955,22.879547,22.879547
2023-11-24,257.59,330.8168,73.22681,73.22681
2023-11-25,291.02,324.441,33.42102,33.42102
2023-11-26,342.92,331.48993,-11.430084,11.430084
2023-11-27,257.42,354.52057,97.100555,97.100555
2023-11-28,223.39,326.13605,102.74605,102.74605
2023-11-29,231.85,293.90564,62.055634,62.055634
2023-11-30,389.59,274.19586,-115.394135,115.394135
2023-12-01,391.44,289.50488,-101.93512,101.93512
2023-12-02,292.2,305.6053,13.405273,13.405273
2023-12-03,269.59,319.59906,50.009064,50.009064
2023-12-04,286.68,330.5617,43.881714,43.881714
2023-12-05,271.93,339.05457,67.12457,67.12457
2023-12-06,370.3,331.43616,-38.86383,38.86383
2023-12-07,296.98,302.13144,5.151428,5.151428
2023-12-08,283.64,295.8352,12.19519,12.19519
2023-12-09,211.45,297.6923,86.242294,86.242294
2023-12-10,271.04,304.5141,33.47409,33.47409
2023-12-11,349.49,293.97922,-55.510773,55.510773
2023-12-12,310.97,282.31427,-28.655731,28.655731
2023-12-13,356.27,258.85895,-97.41104,97.41104
2023-12-14,231.44,265.78143,34.34143,34.34143
2023-12-15,291.03,279.50952,-11.520477,11.520477
2023-12-16,239.87,298.78772,58.917725,58.917725
2023-12-17,348.44,302.4771,-45.96289,45.96289
2023-12-18,298.15,307.9515,9.801514,9.801514
2023-12-19,324.03,314.47745,-9.552551,9.552551
2023-12-20,342.95,311.9135,-31.036499,31.036499
2023-12-21,231.05,309.8601,78.810104,78.810104
2023-12-22,319.08,302.18732,-16.89267,16.89267
2023-12-23,315.93,304.08447,-11.84552,11.84552
2023-12-24,213.74,294.83737,81.09737,81.09737
2023-12-25,308.8,295.17084,-13.62915,13.62915
2023-12-26,251.7,286.29138,34.591385,34.591385
2023-12-27,279.4,285.96793,6.567932,6.567932
2023-12-28,302.3,283.1785,-19.12149,19.12149
2023-12-29,243.92,292.0905,48.170517,48.170517
2023-12-30,337.92,300.0556,-37.86441,37.86441
2023-12-31,227.32,312.9547,85.634705,85.634705
2024-01-01,231.43,318.8814,87.451416,87.451416
2024-01-02,307.74,328.19867,20.45868,20.45868
2024-01-03,231.77,319.8089,88.038895,88.038895
2024-01-04,360.27,323.01556,-37.254425,37.254425
2024-01-05,223.45,322.35342,98.90343,98.90343
2024-01-06,280.05,320.33502,40.285034,40.285034
2024-01-07,256.53,317.37415,60.844147,60.844147
2024-01-08,330.14,309.02014,-21.119873,21.119873
2024-01-09,267.41,315.61145,48.201447,48.201447
2024-01-10,382.03,323.58807,-58.441925,58.441925
2024-01-11,248.9,332.8255,83.92551,83.92551
2024-01-12,290.16,338.5047,48.344696,48.344696
2024-01-13,273.11,332.9154,59.80542,59.80542
2024-01-14,370.8,330.40955,-40.39044,40.39044
2024-01-15,316.52,327.18152,10.66153,10.66153
2024-01-16,202.84,332.8031,129.9631,129.9631
2024-01-17,218.66,335.43774,116.77774,116.77774
2024-01-18,238.68,327.98343,89.30344,89.30344
2024-01-19,237.98,310.87915,72.899155,72.899155
2024-01-20,267.32,297.19196,29.871948,29.871948
2024-01-21,287.89,302.67316,14.783142,14.783142
2024-01-22,367.43,317.49765,-49.932343,49.932343
2024-01-23,316.79,318.70618,1.9161682,1.9161682
2024-01-24,214.99,295.86438,80.874374,80.874374
2024-01-25,248.97,288.54956,39.57956,39.57956
2024-01-26,258.45,295.32642,36.876404,36.876404
2024-01-27,296.36,306.20346,9.843475,9.843475
2024-01-28,323.21,299.76813,-23.441864,23.441864
2024-01-29,226.45,281.3319,54.881912,54.881912
2024-01-30,284.9,264.67142,-20.228577,20.228577
2024-01-31,291.33,257.1502,-34.17978,34.17978
2024-02-01,118.78,253.69931,134.91931,134.91931
2024-02-02,185.92,230.86586,44.94586,44.94586
2024-02-03,162.29,203.84471,41.554718,41.554718
2024-02-04,197.2,193.04823,-4.151764,4.151764
2024-02-05,141.66,178.18822,36.528214,36.528214
2024-02-06,201.69,180.97942,-20.710587,20.710587
2024-02-07,174.75,191.09055,16.340546,16.340546
2024-02-08,233.88,217.34627,-16.533737,16.533737
2024-02-09,188.41,199.7448,11.334793,11.334793
2024-02-10,157.32,170.48564,13.165634,13.165634
2024-02-11,211.01,150.18526,-60.824738,60.824738
2024-02-12,160.19,139.96196,-20.228043,20.228043
2024-02-13,207.01,148.23064,-58.779358,58.779358
2024-02-14,195.86,156.86865,-38.99135,38.99135
2024-02-15,124.11,175.4509,51.340897,51.340897
2024-02-16,139.18,178.71446,39.53447,39.53447
2024-02-17,123.84,178.73193,54.891937,54.891937
2024-02-18,142.4,156.7449,14.34491,14.34491
2024-02-19,170.23,122.79646,-47.433533,47.433533
2024-02-20,216.76,83.22112,-133.53888,133.53888
2024-02-21,127.58,58.96438,-68.61562,68.61562
2024-02-22,168.38,57.925842,-110.45416,110.45416
2024-02-23,197.0,45.603245,-151.39676,151.39676
2024-02-24,126.74,69.23974,-57.50026,57.50026
2024-02-25,190.7,59.346413,-131.35358,131.35358
2024-02-26,153.46,73.00929,-80.450714,80.450714
2024-02-27,135.5,77.76252,-57.73748,57.73748
2024-02-28,129.61,119.43045,-10.17955,10.17955
2024-02-29,226.3,123.81012,-102.48988,102.48988
2024-03-01,124.97,127.40418,2.4341812,2.4341812
2024-03-02,85.88,101.54803,15.66803,15.66803
2024-03-03,116.91,72.8532,-44.0568,44.0568
2024-03-04,67.27,61.608185,-5.661812,5.661812
2024-03-05,94.06,58.440865,-35.619133,35.619133
2024-03-06,96.28,88.75108,-7.5289154,7.5289154
2024-03-07,100.68,106.06625,5.3862534,5.3862534
2024-03-08,89.35,119.60455,30.254555,30.254555
2024-03-09,97.01,117.51188,20.501877,20.501877
2024-03-10,74.25,101.21129,26.961288,26.961288
2024-03-11,121.49,87.56003,-33.92997,33.92997
2024-03-12,79.47,93.11991,13.64991,13.64991
2024-03-13,108.21,99.13765,-9.07235,9.07235
2024-03-14,122.5,103.727486,-18.772514,18.772514
2024-03-15,93.16,102.90782,9.747818,9.747818
2024-03-16,98.71,101.67516,2.9651642,2.9651642
2024-03-17,108.05,103.051636,-4.9983673,4.9983673
2024-03-18,71.09,106.88539,35.795395,35.795395
2024-03-19,128.02,110.70729,-17.312714,17.312714
2024-03-20,90.83,111.838196,21.008194,21.008194
2024-03-21,126.06,112.67753,-13.382469,13.382469
2024-03-22,102.19,110.1263,7.9362946,7.9362946
2024-03-23,127.62,104.01985,-23.600151,23.600151
2024-03-24,109.92,100.38216,-9.537842,9.537842
2024-03-25,76.8,96.41531,19.61531,19.61531
2024-03-26,76.51,93.53858,17.02858,17.02858
2024-03-27,77.47,90.50656,13.03656,13.03656
2024-03-28,99.23,95.938705,-3.291298,3.291298
2024-03-29,126.72,80.67101,-46.04899,46.04899
2024-03-30,115.34,74.1293,-41.210693,41.210693
2024-03-31,121.81,63.76326,-58.046738,58.046738
2024-04-01,119.29,84.1567,-35.1333,35.1333
2024-04-02,134.62,94.86479,-39.755203,39.755203
2024-04-03,131.02,103.15977,-27.860237,27.860237
2024-04-04,107.22,96.723595,-10.496407,10.496407
2024-04-05,117.0,89.8699,-27.130096,27.130096
2024-04-06,66.81,89.25818,22.448181,22.448181
2024-04-07,72.56,87.62567,15.065674,15.065674
2024-04-08,114.11,92.14058,-21.969421,21.969421
2024-04-09,120.21,99.6266,-20.583397,20.583397
2024-04-10,90.23,112.58769,22.357689,22.357689
2024-04-11,116.8,118.602905,1.8029022,1.8029022
2024-04-12,72.99,119.619156,46.629158,46.629158
2024-04-13,102.45,117.31601,14.866013,14.866013
2024-04-14,83.0,116.39396,33.39396,33.39396
2024-04-15,71.83,120.41414,48.584137,48.584137
2024-04-16,92.82,109.82453,17.004532,17.004532
2024-04-17,67.83,90.329926,22.499924,22.499924
2024-04-18,79.98,67.864075,-12.115929,12.115929
2024-04-19,127.93,64.3281,-63.6019,63.6019
2024-04-20,92.26,75.01838,-17.241623,17.241623
2024-04-21,79.76,86.4418,6.681801,6.681801
2024-04-22,99.45,93.25609,-6.1939087,6.1939087
2024-04-23,100.68,93.110596,-7.5694046,7.5694046
2024-04-24,90.0,95.002655,5.002655,5.002655
2024-04-25,113.66,96.3553,-17.304703,17.304703
2024-04-26,108.76,76.33116,-32.42884,32.42884
2024-04-27,71.96,64.216995,-7.743004,7.743004
2024-04-28,100.54,57.22564,-43.31436,43.31436
2024-04-29,101.82,77.98477,-23.835228,23.835228
2024-04-30,130.22,93.86937,-36.35063,36.35063
2024-05-01,118.94,107.54979,-11.390213,11.390213
2024-05-02,122.91,106.24837,-16.661636,16.661636
2024-05-03,103.45,105.5279,2.0779037,2.0779037
2024-05-04,91.71,103.01003,11.300034,11.300034
2024-05-05,117.86,103.730286,-14.129715,14.129715
2024-05-06,123.14,106.280754,-16.859245,16.859245
2024-05-07,67.46,106.24179,38.78179,38.78179
2024-05-08,99.72,102.68927,2.9692688,2.9692688
2024-05-09,129.96,94.75807,-35.201935,35.201935
2024-05-10,102.86,86.49312,-16.366882,16.366882
2024-05-11,103.2,77.014206,-26.185791,26.185791
2024-05-12,70.93,71.37485,0.4448471,0.4448471
2024-05-13,122.32,70.87848,-51.44152,51.44152
2024-05-14,124.43,74.36535,-50.06465,50.06465
2024-05-15,110.34,82.85637,-27.483627,27.483627
2024-05-16,98.74,91.8451,-6.8948975,6.8948975
2024-05-17,79.68,98.82959,19.14959,19.14959
2024-05-18,109.92,101.14252,-8.777481,8.777481
2024-05-19,80.52,98.46312,17.943123,17.943123
2024-05-20,102.97,96.38733,-6.582672,6.582672
2024-05-21,110.87,95.15419,-15.715813,15.715813
2024-05-22,110.4,103.13525,-7.2647552,7.2647552
2024-05-23,132.27,102.9505,-29.319504,29.319504
2024-05-24,93.67,95.68043,2.0104294,2.0104294
2024-05-25,88.32,80.876495,-7.4435043,7.4435043
2024-05-26,82.96,75.27304,-7.6869583,7.6869583
2024-05-27,86.83,77.12907,-9.700935,9.700935
2024-05-28,104.9,86.86925,-18.030754,18.030754
2024-05-29,130.22,96.88126,-33.338737,33.338737
2024-05-30,70.15,105.89916,35.74916,35.74916
2024-05-31,93.47,107.281456,13.811455,13.811455
2024-06-01,84.78,104.39749,19.617493,19.617493
2024-06-02,92.06,104.67411,12.614113,12.614113
2024-06-03,128.57,114.515366,-14.054642,14.054642
2024-06-04,103.0,123.95807,20.958069,20.958069
2024-06-05,65.76,129.83055,64.07055,64.07055
2024-06-06,127.46,127.74801,0.28800964,0.28800964
2024-06-07,94.88,130.97818,36.098183,36.098183
2024-06-08,92.21,133.64333,41.433327,41.433327
2024-06-09,100.81,135.0684,34.258408,34.258408
2024-06-10,111.99,132.26968,20.279686,20.279686
2024-06-11,110.1,132.91559,22.81559,22.81559
2024-06-12,126.77,136.64043,9.87043,9.87043
2024-06-13,75.66,141.78029,66.120285,66.120285
2024-06-14,95.03,140.44598,45.415985,45.415985
2024-06-15,89.07,134.7967,45.726707,45.726707
2024-06-16,139.69,126.10647,-13.583534,13.583534
2024-06-17,94.07,123.247215,29.177216,29.177216
2024-06-18,79.86,122.95507,43.09507,43.09507
2024-06-19,106.28,122.28722,16.007217,16.007217
2024-06-20,112.57,96.22768,-16.342323,16.342323
2024-06-21,64.76,86.06682,21.306816,21.306816
2024-06-22,74.48,72.10678,-2.3732224,2.3732224
2024-06-23,115.98,87.8206,-28.1594,28.1594
2024-06-24,111.15,74.06793,-37.08207,37.08207
2024-06-25,84.12,62.75995,-21.360054,21.360054
2024-06-26,88.44,52.24419,-36.195812,36.195812
2024-06-27,93.88,49.94856,-43.93144,43.93144
2024-06-28,73.64,49.566902,-24.073097,24.073097
2024-06-29,114.41,54.099102,-60.3109,60.3109
2024-06-30,130.24,52.850815,-77.38919,77.38919
2024-07-01,53.83,51.857616,-1.9723854,1.9723854
2024-07-02,49.54,54.53703,4.9970284,4.9970284
2024-07-03,24.78,32.803345,8.023344,8.023344
2024-07-04,30.6,27.76439,-2.8356094,2.8356094
2024-07-05,49.2,23.664934,-25.535067,25.535067
2024-07-06,25.51,25.093468,-0.41653252,0.41653252
2024-07-07,52.57,27.190493,-25.379507,25.379507
2024-07-08,62.66,43.70955,-18.95045,18.95045
2024-07-09,50.66,37.593605,-13.066395,13.066395
2024-07-10,41.4,35.43028,-5.9697227,5.9697227
2024-07-11,67.24,28.09311,-39.14689,39.14689
2024-07-12,30.28,26.783838,-3.4961624,3.4961624
2024-07-13,56.81,23.5206,-33.289402,33.289402
2024-07-14,46.02,24.990305,-21.029696,21.029696
2024-07-15,27.74,30.54149,2.8014908,2.8014908
2024-07-16,29.36,36.425686,7.0656853,7.0656853
2024-07-17,42.57,31.788801,-10.7811985,10.7811985
2024-07-18,33.9,28.333538,-5.5664635,5.5664635
2024-07-19,28.45,29.853241,1.4032402,1.4032402
2024-07-20,61.84,37.851246,-23.988754,23.988754
2024-07-21,48.49,57.339874,8.849873,8.849873
2024-07-22,54.64,67.30238,12.662384,12.662384
2024-07-23,59.89,73.24244,13.35244,13.35244
2024-07-24,25.12,72.59453,47.474525,47.474525
2024-07-25,31.82,42.44014,10.62014,10.62014
2024-07-26,55.62,33.99387,-21.62613,21.62613
2024-07-27,45.81,29.023842,-16.78616,16.78616
2024-07-28,33.95,33.79946,-0.1505394,0.1505394
2024-07-29,51.19,30.5572,-20.6328,20.6328
2024-07-30,42.24,30.351852,-11.888149,11.888149
2024-07-31,38.75,27.877047,-10.872953,10.872953
2024-08-01,44.98,41.055923,-3.924076,3.924076
2024-08-02,30.14,54.547157,24.407158,24.407158
2024-08-03,30.54,34.436337,3.8963356,3.8963356
2024-08-04,58.07,27.88622,-30.183779,30.183779
2024-08-05,56.54,24.517223,-32.022778,32.022778
2024-08-06,35.5,19.435474,-16.064526,16.064526
2024-08-07,35.12,17.79188,-17.32812,17.32812
2024-08-08,57.38,17.17553,-40.20447,40.20447
2024-08-09,59.13,20.955942,-38.174057,38.174057
2024-08-10,25.52,28.697206,3.177206,3.177206
2024-08-11,34.61,44.395935,9.785934,9.785934
2024-08-12,43.81,43.983284,0.17328262,0.17328262
2024-08-13,40.84,50.31338,9.473381,9.473381
2024-08-14,27.72,45.12693,17.40693,17.40693
2024-08-15,30.17,53.453304,23.283304,23.283304
2024-08-16,52.27,52.98636,0.7163582,0.7163582
2024-08-17,29.71,53.40151,23.69151,23.69151
2024-08-18,32.31,37.94156,5.6315575,5.6315575
2024-08-19,62.39,33.13803,-29.251968,29.251968
2024-08-20,32.65,25.560091,-7.0899105,7.0899105
2024-08-21,67.12,25.656122,-41.463882,41.463882
2024-08-22,50.98,23.717089,-27.26291,27.26291
2024-08-23,59.03,25.198153,-33.83185,33.83185
2024-08-24,22.21,25.84334,3.6333408,3.6333408
2024-08-25,51.05,27.049248,-24.000751,24.000751
2024-08-26,53.9,30.142958,-23.757044,23.757044
2024-08-27,61.74,34.00177,-27.738232,27.738232
2024-08-28,25.15,44.515987,19.365988,19.365988
2024-08-29,41.59,23.978928,-17.611073,17.611073
2024-08-30,46.93,20.845087,-26.084913,26.084913
2024-08-31,55.26,18.907698,-36.352303,36.352303
2024-09-01,36.53,19.19447,-17.33553,17.33553
2024-09-02,32.18,20.02593,-12.15407,12.15407
2024-09-03,31.01,22.654566,-8.355434,8.355434
2024-09-04,29.71,25.00062,-4.709379,4.709379
2024-09-05,42.82,30.669847,-12.150152,12.150152
2024-09-06,33.32,34.55016,1.2301598,1.2301598
2024-09-07,29.21,34.635815,5.4258156,5.4258156
2024-09-08,50.94,26.03433,-24.905668,24.905668
2024-09-09,27.56,24.196093,-3.3639069,3.3639069
2024-09-10,47.86,23.775526,-24.084475,24.084475
2024-09-11,24.33,25.816973,1.4869728,1.4869728
2024-09-12,22.27,25.63819,3.3681889,3.3681889
2024-09-13,52.09,22.997694,-29.092306,29.092306
2024-09-14,24.81,20.99296,-3.8170395,3.8170395
2024-09-15,50.66,21.073313,-29.586687,29.586687
2024-09-16,23.3,27.85039,4.5503902,4.5503902
2024-09-17,40.02,21.602388,-18.417612,18.417612
2024-09-18,48.33,20.139627,-28.190374,28.190374
2024-09-19,60.23,22.12525,-38.10475,38.10475
2024-09-20,42.8,23.493723,-19.306276,19.306276
2024-09-21,25.77,23.832964,-1.9370365,1.9370365
2024-09-22,43.48,23.003712,-20.476288,20.476288
2024-09-23,60.01,25.881975,-34.12802,34.12802
2024-09-24,61.64,30.830086,-30.809914,30.809914
2024-09-25,61.41,58.33139,-3.0786095,3.0786095
2024-09-26,30.26,68.20725,37.94725,37.94725
2024-09-27,23.81,50.383064,26.573065,26.573065
2024-09-28,33.12,38.016304,4.896305,4.896305
2024-09-29,60.61,32.36695,-28.24305,28.24305
2024-09-30,30.67,51.53536,20.865358,20.865358
2024-10-01,138.22,63.60319,-74.616806,74.616806
2024-10-02,124.14,74.459656,-49.680344,49.680344
2024-10-03,206.85,75.33564,-131.51437,131.51437
2024-10-04,131.67,79.09902,-52.570976,52.570976
2024-10-05,194.57,85.318985,-109.25102,109.25102
2024-10-06,188.94,95.43358,-93.506424,93.506424
2024-10-07,204.03,114.21333,-89.816666,89.816666
2024-10-08,165.38,132.64308,-32.736923,32.736923
2024-10-09,135.25,152.2994,17.049393,17.049393
2024-10-10,171.7,138.55586,-33.144135,33.144135
2024-10-11,113.04,135.61787,22.577873,22.577873
2024-10-12,222.96,121.30044,-101.65957,101.65957
2024-10-13,160.53,93.65249,-66.87751,66.87751
2024-10-14,118.37,92.3522,-26.0178,26.0178
2024-10-15,150.74,95.6802,-55.059807,55.059807
2024-10-16,159.17,129.15387,-30.016129,30.016129
2024-10-17,183.5,147.77992,-35.720078,35.720078
2024-10-18,210.67,167.4933,-43.176697,43.176697
2024-10-19,156.71,130.44142,-26.268585,26.268585
2024-10-20,124.83,129.55,4.720001,4.720001
2024-10-21,134.92,127.51224,-7.4077606,7.4077606
2024-10-22,179.55,147.79639,-31.753616,31.753616
2024-10-23,111.06,160.90614,49.846146,49.846146
2024-10-24,169.09,181.37544,12.285446,12.285446
2024-10-25,139.12,185.15378,46.033783,46.033783
2024-10-26,192.47,187.3372,-5.1327972,5.1327972
2024-10-27,220.54,174.3763,-46.163696,46.163696
2024-10-28,217.94,166.68459,-51.255417,51.255417
2024-10-29,210.77,160.6407,-50.129303,50.129303
2024-10-30,141.32,167.98392,26.66391,26.66391
2024-10-31,169.82,188.94138,19.121368,19.121368
2024-11-01,324.51,193.58089,-130.92912,130.92912
2024-11-02,300.87,197.68489,-103.185104,103.185104
2024-11-03,340.63,199.86502,-140.76498,140.76498
2024-11-04,184.65,229.60518,44.955185,44.955185
2024-11-05,301.33,265.62106,-35.708923,35.708923
2024-11-06,388.9,283.37228,-105.52771,105.52771
2024-11-07,234.06,295.0251,60.965088,60.965088
2024-11-08,274.98,285.73846,10.758453,10.758453
2024-11-09,345.33,291.8514,-53.478577,53.478577
2024-11-10,284.94,283.03714,-1.9028625,1.9028625
2024-11-11,308.68,288.96463,-19.715363,19.715363
2024-11-12,323.34,297.10114,-26.238861,26.238861
2024-11-13,310.59,303.30246,-7.2875366,7.2875366
2024-11-14,368.72,309.549,-59.17099,59.17099
2024-11-15,282.46,310.16287,27.70288,27.70288
2024-11-16,391.94,308.32904,-83.61096,83.61096
2024-11-17,364.7,312.3853,-52.314697,52.314697
2024-11-18,196.03,313.00653,116.97653,116.97653
2024-11-19,321.58,323.0278,1.447815,1.447815
2024-11-20,195.67,331.35522,135.68523,135.68523
2024-11-21,208.92,334.56607,125.64607,125.64607
2024-11-22,374.9,333.28726,-41.612732,41.612732
2024-11-23,290.09,328.638,38.548004,38.548004
2024-11-24,238.79,330.0474,91.2574,91.2574
2024-11-25,261.12,330.03848,68.91849,68.91849
2024-11-26,208.32,322.36523,114.04523,114.04523
2024-11-27,293.98,312.22632,18.246307,18.246307
2024-11-28,240.21,297.4264,57.216385,57.216385
2024-11-29,212.79,294.33063,81.540634,81.540634
2024-11-30,268.1,279.8988,11.798798,11.798798
2024-12-01,254.26,280.7715,26.51152,26.51152
2024-12-02,196.45,262.2259,65.775894,65.775894
2024-12-03,214.23,259.22394,44.993942,44.993942
2024-12-04,226.1,254.05634,27.95633,27.95633
2024-12-05,210.63,255.96577,45.33577,45.33577
2024-12-06,197.71,246.23009,48.52008,48.52008
2024-12-07,260.93,233.70668,-27.223312,27.223312
2024-12-08,290.42,223.71335,-66.706665,66.706665
2024-12-09,223.04,226.98613,3.9461365,3.9461365
2024-12-10,335.86,232.64824,-103.21175,103.21175
2024-12-11,317.35,256.56235,-60.78766,60.78766
2024-12-12,229.59,278.01807,48.42807,48.42807
2024-12-13,333.77,296.8219,-36.94809,36.94809
2024-12-14,313.61,305.53543,-8.074554,8.074554
2024-12-15,313.99,270.42828,-43.561707,43.561707
2024-12-16,342.05,261.0671,-80.98288,80.98288
2024-12-17,240.4,257.80185,17.401855,17.401855
2024-12-18,333.15,287.83148,-45.318512,45.318512
2024-12-19,292.22,307.36575,15.145752,15.145752
2024-12-20,366.69,293.1449,-73.545105,73.545105
2024-12-21,229.39,286.06003,56.67003,56.67003
2024-12-22,300.49,276.79587,-23.694122,23.694122
2024-12-23,250.22,290.22717,40.00717,40.00717
2024-12-24,272.65,290.9267,18.276703,18.276703
2024-12-25,232.04,296.14212,64.10213,64.10213
2024-12-26,268.11,298.84933,30.73935,30.73935
2024-12-27,292.67,299.37384,6.703827,6.703827
2024-12-28,232.77,301.88098,69.11098,69.11098
2024-12-29,242.44,287.92648,45.48648,45.48648
2024-12-30,368.27,286.39896,-81.87103,81.87103
2024-12-31,348.83,285.5675,-63.26248,63.26248
