config_id,config_name,architecture,augmentation_ratio,corpus_type,seed,window_size,dimension,category,samples,mae,rmse
REAL_ONLY,Real Historical Only (2020-2021),LSTM,0.0,none,42,14,Year,2022,351,32.288401589734036,43.518179287059475
REAL_ONLY,Real Historical Only (2020-2021),LSTM,0.0,none,42,14,Year,2023,365,34.06014665136858,45.52205476745771
REAL_ONLY,Real Historical Only (2020-2021),LSTM,0.0,none,42,14,Year,2024,366,33.8332830844017,46.20834279663558
REAL_ONLY,Real Historical Only (2020-2021),LSTM,0.0,none,42,14,Season,Monsoon,366,18.852329159484498,24.633099145766383
REAL_ONLY,Real Historical Only (2020-2021),LSTM,0.0,none,42,14,Season,Post-Monsoon,183,51.69817385954619,64.62728517927344
REAL_ONLY,Real Historical Only (2020-2021),LSTM,0.0,none,42,14,Season,Summer,276,25.499185543715218,31.179156209405633
REAL_ONLY,Real Historical Only (2020-2021),LSTM,0.0,none,42,14,Season,Winter,257,49.60961321363238,60.730542486526325
REAL_ONLY,Real Historical Only (2020-2021),LSTM,0.0,none,42,14,Regime,Extreme,180,51.41678682930615,63.84949941772643
REAL_ONLY,Real Historical Only (2020-2021),LSTM,0.0,none,42,14,Regime,High,327,46.1110419056025,56.55346744821936
REAL_ONLY,Real Historical Only (2020-2021),LSTM,0.0,none,42,14,Regime,Low,245,13.94992490345005,17.737714552220055
REAL_ONLY,Real Historical Only (2020-2021),LSTM,0.0,none,42,14,Regime,Moderate,330,25.445758063287318,32.37347343240897
REAL_ONLY,Real Historical Only (2020-2021),TCN,0.0,none,42,14,Year,2022,351,30.428024291992188,41.13268266242566
REAL_ONLY,Real Historical Only (2020-2021),TCN,0.0,none,42,14,Year,2023,365,29.823104858398438,39.97809153441889
REAL_ONLY,Real Historical Only (2020-2021),TCN,0.0,none,42,14,Year,2024,366,31.759014129638672,42.102585259659236
REAL_ONLY,Real Historical Only (2020-2021),TCN,0.0,none,42,14,Season,Monsoon,366,17.62106704711914,22.38572597748535
REAL_ONLY,Real Historical Only (2020-2021),TCN,0.0,none,42,14,Season,Post-Monsoon,183,50.16874313354492,61.95585783695114
REAL_ONLY,Real Historical Only (2020-2021),TCN,0.0,none,42,14,Season,Summer,276,21.670854568481445,26.53624966695028
REAL_ONLY,Real Historical Only (2020-2021),TCN,0.0,none,42,14,Season,Winter,257,45.05105972290039,53.86919469157442
REAL_ONLY,Real Historical Only (2020-2021),TCN,0.0,none,42,14,Regime,Extreme,180,47.8857307434082,60.272408144969205
REAL_ONLY,Real Historical Only (2020-2021),TCN,0.0,none,42,14,Regime,High,327,43.55419921875,50.82110215085979
REAL_ONLY,Real Historical Only (2020-2021),TCN,0.0,none,42,14,Regime,Low,245,15.759122848510742,20.497411797123544
REAL_ONLY,Real Historical Only (2020-2021),TCN,0.0,none,42,14,Regime,Moderate,330,19.596452713012695,26.0881461516319
REAL_ONLY,Real Historical Only (2020-2021),Transformer,0.0,none,42,14,Year,2022,351,31.393667911748896,43.19481976982469
REAL_ONLY,Real Historical Only (2020-2021),Transformer,0.0,none,42,14,Year,2023,365,31.98443143223196,42.20351531849236
REAL_ONLY,Real Historical Only (2020-2021),Transformer,0.0,none,42,14,Year,2024,366,31.36170278638889,41.75499518603161
REAL_ONLY,Real Historical Only (2020-2021),Transformer,0.0,none,42,14,Season,Monsoon,366,16.41902347915906,20.658388633927924
REAL_ONLY,Real Historical Only (2020-2021),Transformer,0.0,none,42,14,Season,Post-Monsoon,183,49.90387466116328,61.60307378222261
REAL_ONLY,Real Historical Only (2020-2021),Transformer,0.0,none,42,14,Season,Summer,276,25.527896629987303,31.344255432803685
REAL_ONLY,Real Historical Only (2020-2021),Transformer,0.0,none,42,14,Season,Winter,257,46.63193386523451,56.53037953365036
REAL_ONLY,Real Historical Only (2020-2021),Transformer,0.0,none,42,14,Regime,Extreme,180,45.87552564161981,58.26071960488196
REAL_ONLY,Real Historical Only (2020-2021),Transformer,0.0,none,42,14,Regime,High,327,46.211534144564126,54.105187379624404
REAL_ONLY,Real Historical Only (2020-2021),Transformer,0.0,none,42,14,Regime,Low,245,15.017413660844598,18.907870229503253
REAL_ONLY,Real Historical Only (2020-2021),Transformer,0.0,none,42,14,Regime,Moderate,330,21.58741061192696,29.506330260183635
REAL_PLUS_8C_10,Real + 10% Phase 8C Baseline,LSTM,0.1,8C,42,14,Year,2022,351,34.24147849089981,45.3758127155649
REAL_PLUS_8C_10,Real + 10% Phase 8C Baseline,LSTM,0.1,8C,42,14,Year,2023,365,34.61825525707034,45.550829906372606
REAL_PLUS_8C_10,Real + 10% Phase 8C Baseline,LSTM,0.1,8C,42,14,Year,2024,366,33.60791203326537,45.16824640541143
REAL_PLUS_8C_10,Real + 10% Phase 8C Baseline,LSTM,0.1,8C,42,14,Season,Monsoon,366,20.289555795460583,27.10017771481035
REAL_PLUS_8C_10,Real + 10% Phase 8C Baseline,LSTM,0.1,8C,42,14,Season,Post-Monsoon,183,51.098421069520064,62.897077343527535
REAL_PLUS_8C_10,Real + 10% Phase 8C Baseline,LSTM,0.1,8C,42,14,Season,Summer,276,27.351184551043865,34.1424577308428
REAL_PLUS_8C_10,Real + 10% Phase 8C Baseline,LSTM,0.1,8C,42,14,Season,Winter,257,49.140087588960235,59.57831132464523
REAL_PLUS_8C_10,Real + 10% Phase 8C Baseline,LSTM,0.1,8C,42,14,Regime,Extreme,180,48.52943277102532,61.13228408488574
REAL_PLUS_8C_10,Real + 10% Phase 8C Baseline,LSTM,0.1,8C,42,14,Regime,High,327,47.61178704923887,56.915161153717705
REAL_PLUS_8C_10,Real + 10% Phase 8C Baseline,LSTM,0.1,8C,42,14,Regime,Low,245,15.372684846475826,19.971540410191807
REAL_PLUS_8C_10,Real + 10% Phase 8C Baseline,LSTM,0.1,8C,42,14,Regime,Moderate,330,26.92199355163451,34.68722883555243
REAL_PLUS_8C_10,Real + 10% Phase 8C Baseline,TCN,0.1,8C,42,14,Year,2022,351,29.667829513549805,40.61642637895258
REAL_PLUS_8C_10,Real + 10% Phase 8C Baseline,TCN,0.1,8C,42,14,Year,2023,365,29.294086456298828,39.20008893684108
REAL_PLUS_8C_10,Real + 10% Phase 8C Baseline,TCN,0.1,8C,42,14,Year,2024,366,31.440771102905273,41.526376454083376
REAL_PLUS_8C_10,Real + 10% Phase 8C Baseline,TCN,0.1,8C,42,14,Season,Monsoon,366,16.998695373535156,21.752423732366513
REAL_PLUS_8C_10,Real + 10% Phase 8C Baseline,TCN,0.1,8C,42,14,Season,Post-Monsoon,183,50.247589111328125,61.390412238750685
REAL_PLUS_8C_10,Real + 10% Phase 8C Baseline,TCN,0.1,8C,42,14,Season,Summer,276,20.41404914855957,24.936587056440533
REAL_PLUS_8C_10,Real + 10% Phase 8C Baseline,TCN,0.1,8C,42,14,Season,Winter,257,44.98817825317383,53.53535904398839
REAL_PLUS_8C_10,Real + 10% Phase 8C Baseline,TCN,0.1,8C,42,14,Regime,Extreme,180,46.30198669433594,58.146493002050434
REAL_PLUS_8C_10,Real + 10% Phase 8C Baseline,TCN,0.1,8C,42,14,Regime,High,327,43.41938781738281,50.73247898366613
REAL_PLUS_8C_10,Real + 10% Phase 8C Baseline,TCN,0.1,8C,42,14,Regime,Low,245,15.073304176330566,19.926805456058272
REAL_PLUS_8C_10,Real + 10% Phase 8C Baseline,TCN,0.1,8C,42,14,Regime,Moderate,330,19.356409072875977,26.028515950359616
REAL_PLUS_8C_10,Real + 10% Phase 8C Baseline,Transformer,0.1,8C,42,14,Year,2022,351,34.86264115202967,48.760670386560896
REAL_PLUS_8C_10,Real + 10% Phase 8C Baseline,Transformer,0.1,8C,42,14,Year,2023,365,32.46485943572211,43.25760925261211
REAL_PLUS_8C_10,Real + 10% Phase 8C Baseline,Transformer,0.1,8C,42,14,Year,2024,366,35.234105756970536,48.502639369026326
REAL_PLUS_8C_10,Real + 10% Phase 8C Baseline,Transformer,0.1,8C,42,14,Season,Monsoon,366,17.034916374303886,21.620764996767736
REAL_PLUS_8C_10,Real + 10% Phase 8C Baseline,Transformer,0.1,8C,42,14,Season,Post-Monsoon,183,62.413700088974224,74.29062517506233
REAL_PLUS_8C_10,Real + 10% Phase 8C Baseline,Transformer,0.1,8C,42,14,Season,Summer,276,23.29513219627722,29.36384523781969
REAL_PLUS_8C_10,Real + 10% Phase 8C Baseline,Transformer,0.1,8C,42,14,Season,Winter,257,50.17976828794622,61.10176076371101
REAL_PLUS_8C_10,Real + 10% Phase 8C Baseline,Transformer,0.1,8C,42,14,Regime,Extreme,180,47.20706604746367,58.16804127744666
REAL_PLUS_8C_10,Real + 10% Phase 8C Baseline,Transformer,0.1,8C,42,14,Regime,High,327,53.18379139577525,63.89562555370712
REAL_PLUS_8C_10,Real + 10% Phase 8C Baseline,Transformer,0.1,8C,42,14,Regime,Low,245,16.071112012018798,20.721640597997332
REAL_PLUS_8C_10,Real + 10% Phase 8C Baseline,Transformer,0.1,8C,42,14,Regime,Moderate,330,21.68590705316854,31.588793151994917
REAL_PLUS_8C_25,Real + 25% Phase 8C Baseline (Recommended),LSTM,0.25,8C,42,14,Year,2022,351,35.7778385415781,46.722232942314385
REAL_PLUS_8C_25,Real + 25% Phase 8C Baseline (Recommended),LSTM,0.25,8C,42,14,Year,2023,365,36.24621920209434,46.5549305314865
REAL_PLUS_8C_25,Real + 25% Phase 8C Baseline (Recommended),LSTM,0.25,8C,42,14,Year,2024,366,34.67586065611017,46.480795749459254
REAL_PLUS_8C_25,Real + 25% Phase 8C Baseline (Recommended),LSTM,0.25,8C,42,14,Season,Monsoon,366,21.67590922334559,28.301934301098246
REAL_PLUS_8C_25,Real + 25% Phase 8C Baseline (Recommended),LSTM,0.25,8C,42,14,Season,Post-Monsoon,183,51.44452131814817,63.45363308272095
REAL_PLUS_8C_25,Real + 25% Phase 8C Baseline (Recommended),LSTM,0.25,8C,42,14,Season,Summer,276,30.263362044434114,37.309936114047424
REAL_PLUS_8C_25,Real + 25% Phase 8C Baseline (Recommended),LSTM,0.25,8C,42,14,Season,Winter,257,49.72310597574026,60.27974263135763
REAL_PLUS_8C_25,Real + 25% Phase 8C Baseline (Recommended),LSTM,0.25,8C,42,14,Regime,Extreme,180,48.45361774459893,60.92030251768928
REAL_PLUS_8C_25,Real + 25% Phase 8C Baseline (Recommended),LSTM,0.25,8C,42,14,Regime,High,327,49.36294298995734,58.80975677757764
REAL_PLUS_8C_25,Real + 25% Phase 8C Baseline (Recommended),LSTM,0.25,8C,42,14,Regime,Low,245,16.442815775324814,20.91167930210582
REAL_PLUS_8C_25,Real + 25% Phase 8C Baseline (Recommended),LSTM,0.25,8C,42,14,Regime,Moderate,330,29.05282703120068,36.594053837487685
REAL_PLUS_8C_25,Real + 25% Phase 8C Baseline (Recommended),TCN,0.25,8C,42,14,Year,2022,351,29.88176727294922,40.952753897116764
REAL_PLUS_8C_25,Real + 25% Phase 8C Baseline (Recommended),TCN,0.25,8C,42,14,Year,2023,365,29.51129913330078,39.36879756456485
REAL_PLUS_8C_25,Real + 25% Phase 8C Baseline (Recommended),TCN,0.25,8C,42,14,Year,2024,366,31.32724380493164,41.45809401757771
REAL_PLUS_8C_25,Real + 25% Phase 8C Baseline (Recommended),TCN,0.25,8C,42,14,Season,Monsoon,366,17.451839447021484,22.125609653500227
REAL_PLUS_8C_25,Real + 25% Phase 8C Baseline (Recommended),TCN,0.25,8C,42,14,Season,Post-Monsoon,183,50.265933990478516,61.846675177156854
REAL_PLUS_8C_25,Real + 25% Phase 8C Baseline (Recommended),TCN,0.25,8C,42,14,Season,Summer,276,20.57211685180664,25.421748952898948
REAL_PLUS_8C_25,Real + 25% Phase 8C Baseline (Recommended),TCN,0.25,8C,42,14,Season,Winter,257,44.59904479980469,53.147561845094316
REAL_PLUS_8C_25,Real + 25% Phase 8C Baseline (Recommended),TCN,0.25,8C,42,14,Regime,Extreme,180,48.743656158447266,61.36978083715144
REAL_PLUS_8C_25,Real + 25% Phase 8C Baseline (Recommended),TCN,0.25,8C,42,14,Regime,High,327,42.12968444824219,49.03468060815477
REAL_PLUS_8C_25,Real + 25% Phase 8C Baseline (Recommended),TCN,0.25,8C,42,14,Regime,Low,245,16.84811019897461,21.72140341817439
REAL_PLUS_8C_25,Real + 25% Phase 8C Baseline (Recommended),TCN,0.25,8C,42,14,Regime,Moderate,330,18.32679557800293,24.84485060455184
REAL_PLUS_8C_25,Real + 25% Phase 8C Baseline (Recommended),Transformer,0.25,8C,42,14,Year,2022,351,33.348984376890755,45.37128574988261
REAL_PLUS_8C_25,Real + 25% Phase 8C Baseline (Recommended),Transformer,0.25,8C,42,14,Year,2023,365,33.36171164813725,43.3440776740419
REAL_PLUS_8C_25,Real + 25% Phase 8C Baseline (Recommended),Transformer,0.25,8C,42,14,Year,2024,366,35.67221024777781,48.59033355882959
REAL_PLUS_8C_25,Real + 25% Phase 8C Baseline (Recommended),Transformer,0.25,8C,42,14,Season,Monsoon,366,17.42761671408109,21.86124515930025
REAL_PLUS_8C_25,Real + 25% Phase 8C Baseline (Recommended),Transformer,0.25,8C,42,14,Season,Post-Monsoon,183,58.283213036411745,70.07947406038618
REAL_PLUS_8C_25,Real + 25% Phase 8C Baseline (Recommended),Transformer,0.25,8C,42,14,Season,Summer,276,26.13535445066456,32.217789802260434
REAL_PLUS_8C_25,Real + 25% Phase 8C Baseline (Recommended),Transformer,0.25,8C,42,14,Season,Winter,257,49.34184314064195,59.57948201194762
REAL_PLUS_8C_25,Real + 25% Phase 8C Baseline (Recommended),Transformer,0.25,8C,42,14,Regime,Extreme,180,49.092867510738245,60.80941020482887
REAL_PLUS_8C_25,Real + 25% Phase 8C Baseline (Recommended),Transformer,0.25,8C,42,14,Regime,High,327,51.00347774921838,60.23252237061023
REAL_PLUS_8C_25,Real + 25% Phase 8C Baseline (Recommended),Transformer,0.25,8C,42,14,Regime,Low,245,16.13974410772017,20.31091725853179
REAL_PLUS_8C_25,Real + 25% Phase 8C Baseline (Recommended),Transformer,0.25,8C,42,14,Regime,Moderate,330,22.634716776444524,31.11079443111425
REAL_PLUS_8C_50,Real + 50% Phase 8C Baseline (Upper Bound),LSTM,0.5,8C,42,14,Year,2022,351,33.15145619731218,44.6567924029746
REAL_PLUS_8C_50,Real + 50% Phase 8C Baseline (Upper Bound),LSTM,0.5,8C,42,14,Year,2023,365,34.38668577582678,44.88981278695862
REAL_PLUS_8C_50,Real + 50% Phase 8C Baseline (Upper Bound),LSTM,0.5,8C,42,14,Year,2024,366,34.04683577644751,45.75907025506393
REAL_PLUS_8C_50,Real + 50% Phase 8C Baseline (Upper Bound),LSTM,0.5,8C,42,14,Season,Monsoon,366,21.744567558722498,28.28959879346095
REAL_PLUS_8C_50,Real + 50% Phase 8C Baseline (Upper Bound),LSTM,0.5,8C,42,14,Season,Post-Monsoon,183,49.8557905173886,62.314463679086415
REAL_PLUS_8C_50,Real + 50% Phase 8C Baseline (Upper Bound),LSTM,0.5,8C,42,14,Season,Summer,276,25.502311762994903,30.846760754902796
REAL_PLUS_8C_50,Real + 50% Phase 8C Baseline (Upper Bound),LSTM,0.5,8C,42,14,Season,Winter,257,48.74585171148638,60.33990579912185
REAL_PLUS_8C_50,Real + 50% Phase 8C Baseline (Upper Bound),LSTM,0.5,8C,42,14,Regime,Extreme,180,54.22064271556322,67.92937240609258
REAL_PLUS_8C_50,Real + 50% Phase 8C Baseline (Upper Bound),LSTM,0.5,8C,42,14,Regime,High,327,42.19385781604006,51.812666536784356
REAL_PLUS_8C_50,Real + 50% Phase 8C Baseline (Upper Bound),LSTM,0.5,8C,42,14,Regime,Low,245,17.319168659396443,22.129954429788032
REAL_PLUS_8C_50,Real + 50% Phase 8C Baseline (Upper Bound),LSTM,0.5,8C,42,14,Regime,Moderate,330,26.812544883074334,33.63904825556184
REAL_PLUS_8C_50,Real + 50% Phase 8C Baseline (Upper Bound),TCN,0.5,8C,42,14,Year,2022,351,29.937501907348633,40.95235149259975
REAL_PLUS_8C_50,Real + 50% Phase 8C Baseline (Upper Bound),TCN,0.5,8C,42,14,Year,2023,365,30.693511962890625,41.05354051085683
REAL_PLUS_8C_50,Real + 50% Phase 8C Baseline (Upper Bound),TCN,0.5,8C,42,14,Year,2024,366,31.433116912841797,42.96431085023868
REAL_PLUS_8C_50,Real + 50% Phase 8C Baseline (Upper Bound),TCN,0.5,8C,42,14,Season,Monsoon,366,16.812305450439453,21.136079489847965
REAL_PLUS_8C_50,Real + 50% Phase 8C Baseline (Upper Bound),TCN,0.5,8C,42,14,Season,Post-Monsoon,183,52.24702072143555,64.37691137939129
REAL_PLUS_8C_50,Real + 50% Phase 8C Baseline (Upper Bound),TCN,0.5,8C,42,14,Season,Summer,276,20.989269256591797,26.01969398547293
REAL_PLUS_8C_50,Real + 50% Phase 8C Baseline (Upper Bound),TCN,0.5,8C,42,14,Season,Winter,257,45.55708694458008,54.75996538159744
REAL_PLUS_8C_50,Real + 50% Phase 8C Baseline (Upper Bound),TCN,0.5,8C,42,14,Regime,Extreme,180,49.28852081298828,62.51381487944285
REAL_PLUS_8C_50,Real + 50% Phase 8C Baseline (Upper Bound),TCN,0.5,8C,42,14,Regime,High,327,43.99101257324219,51.51511079891996
REAL_PLUS_8C_50,Real + 50% Phase 8C Baseline (Upper Bound),TCN,0.5,8C,42,14,Regime,Low,245,14.309691429138184,18.060542545047873
REAL_PLUS_8C_50,Real + 50% Phase 8C Baseline (Upper Bound),TCN,0.5,8C,42,14,Regime,Moderate,330,19.5540828704834,26.302129228507813
REAL_PLUS_8C_50,Real + 50% Phase 8C Baseline (Upper Bound),Transformer,0.5,8C,42,14,Year,2022,351,30.256297052904262,41.14906426735192
REAL_PLUS_8C_50,Real + 50% Phase 8C Baseline (Upper Bound),Transformer,0.5,8C,42,14,Year,2023,365,31.694825052884518,42.894776333036525
REAL_PLUS_8C_50,Real + 50% Phase 8C Baseline (Upper Bound),Transformer,0.5,8C,42,14,Year,2024,366,34.307762817052456,47.43161397495009
REAL_PLUS_8C_50,Real + 50% Phase 8C Baseline (Upper Bound),Transformer,0.5,8C,42,14,Season,Monsoon,366,16.625263806756255,20.95317593513847
REAL_PLUS_8C_50,Real + 50% Phase 8C Baseline (Upper Bound),Transformer,0.5,8C,42,14,Season,Post-Monsoon,183,54.4905182922921,68.15198806224767
REAL_PLUS_8C_50,Real + 50% Phase 8C Baseline (Upper Bound),Transformer,0.5,8C,42,14,Season,Summer,276,24.23946164928573,30.20587387230643
REAL_PLUS_8C_50,Real + 50% Phase 8C Baseline (Upper Bound),Transformer,0.5,8C,42,14,Season,Winter,257,46.68680850174451,56.72103105212046
REAL_PLUS_8C_50,Real + 50% Phase 8C Baseline (Upper Bound),Transformer,0.5,8C,42,14,Regime,Extreme,180,52.216268166312915,67.05317969257553
REAL_PLUS_8C_50,Real + 50% Phase 8C Baseline (Upper Bound),Transformer,0.5,8C,42,14,Regime,High,327,44.43590457495711,52.53449231394455
REAL_PLUS_8C_50,Real + 50% Phase 8C Baseline (Upper Bound),Transformer,0.5,8C,42,14,Regime,Low,245,14.544624297001626,18.472640847984817
REAL_PLUS_8C_50,Real + 50% Phase 8C Baseline (Upper Bound),Transformer,0.5,8C,42,14,Regime,Moderate,330,21.976698733941664,29.84513606426724
REAL_PLUS_8D_10,Real + 10% Phase 8D CAL-07,LSTM,0.1,8D,42,14,Year,2022,351,33.816463291472616,44.647247990091074
REAL_PLUS_8D_10,Real + 10% Phase 8D CAL-07,LSTM,0.1,8D,42,14,Year,2023,365,34.579672631825865,45.25370258810275
REAL_PLUS_8D_10,Real + 10% Phase 8D CAL-07,LSTM,0.1,8D,42,14,Year,2024,366,33.93565204812932,45.2389414184385
REAL_PLUS_8D_10,Real + 10% Phase 8D CAL-07,LSTM,0.1,8D,42,14,Season,Monsoon,366,21.07578870213622,27.761185248681986
REAL_PLUS_8D_10,Real + 10% Phase 8D CAL-07,LSTM,0.1,8D,42,14,Season,Post-Monsoon,183,50.827103930270766,62.23492146431657
REAL_PLUS_8D_10,Real + 10% Phase 8D CAL-07,LSTM,0.1,8D,42,14,Season,Summer,276,26.57117791589254,32.86720451182184
REAL_PLUS_8D_10,Real + 10% Phase 8D CAL-07,LSTM,0.1,8D,42,14,Season,Winter,257,48.882739247202004,59.41303559870816
REAL_PLUS_8D_10,Real + 10% Phase 8D CAL-07,LSTM,0.1,8D,42,14,Regime,Extreme,180,49.32152014568946,61.6926640597003
REAL_PLUS_8D_10,Real + 10% Phase 8D CAL-07,LSTM,0.1,8D,42,14,Regime,High,327,46.58971521842157,55.89051673931392
REAL_PLUS_8D_10,Real + 10% Phase 8D CAL-07,LSTM,0.1,8D,42,14,Regime,Low,245,16.095608486812722,20.27951184512531
REAL_PLUS_8D_10,Real + 10% Phase 8D CAL-07,LSTM,0.1,8D,42,14,Regime,Moderate,330,26.83476725339875,34.3289640197533
REAL_PLUS_8D_10,Real + 10% Phase 8D CAL-07,TCN,0.1,8D,42,14,Year,2022,351,29.802644729614258,40.79983861554709
REAL_PLUS_8D_10,Real + 10% Phase 8D CAL-07,TCN,0.1,8D,42,14,Year,2023,365,29.17806053161621,39.1313814559164
REAL_PLUS_8D_10,Real + 10% Phase 8D CAL-07,TCN,0.1,8D,42,14,Year,2024,366,31.185808181762695,41.121109891525755
REAL_PLUS_8D_10,Real + 10% Phase 8D CAL-07,TCN,0.1,8D,42,14,Season,Monsoon,366,16.70241928100586,21.38524573979833
REAL_PLUS_8D_10,Real + 10% Phase 8D CAL-07,TCN,0.1,8D,42,14,Season,Post-Monsoon,183,50.12704849243164,61.2015393431305
REAL_PLUS_8D_10,Real + 10% Phase 8D CAL-07,TCN,0.1,8D,42,14,Season,Summer,276,20.701095581054688,25.20848977116576
REAL_PLUS_8D_10,Real + 10% Phase 8D CAL-07,TCN,0.1,8D,42,14,Season,Winter,257,44.843929290771484,53.43677356962385
REAL_PLUS_8D_10,Real + 10% Phase 8D CAL-07,TCN,0.1,8D,42,14,Regime,Extreme,180,46.15643310546875,57.90213912148454
REAL_PLUS_8D_10,Real + 10% Phase 8D CAL-07,TCN,0.1,8D,42,14,Regime,High,327,43.48448181152344,50.77514626779154
REAL_PLUS_8D_10,Real + 10% Phase 8D CAL-07,TCN,0.1,8D,42,14,Regime,Low,245,14.711350440979004,19.383429680822903
REAL_PLUS_8D_10,Real + 10% Phase 8D CAL-07,TCN,0.1,8D,42,14,Regime,Moderate,330,19.372312545776367,26.024990103039066
REAL_PLUS_8D_10,Real + 10% Phase 8D CAL-07,Transformer,0.1,8D,42,14,Year,2022,351,32.955514978652324,45.08038906803866
REAL_PLUS_8D_10,Real + 10% Phase 8D CAL-07,Transformer,0.1,8D,42,14,Year,2023,365,31.939626580420565,42.61515922954056
REAL_PLUS_8D_10,Real + 10% Phase 8D CAL-07,Transformer,0.1,8D,42,14,Year,2024,366,35.102133844159695,48.30976745095713
REAL_PLUS_8D_10,Real + 10% Phase 8D CAL-07,Transformer,0.1,8D,42,14,Season,Monsoon,366,17.88580154706382,22.508015302718537
REAL_PLUS_8D_10,Real + 10% Phase 8D CAL-07,Transformer,0.1,8D,42,14,Season,Post-Monsoon,183,57.6603759912465,70.55132156507197
REAL_PLUS_8D_10,Real + 10% Phase 8D CAL-07,Transformer,0.1,8D,42,14,Season,Summer,276,23.632244333210423,29.368442954587355
REAL_PLUS_8D_10,Real + 10% Phase 8D CAL-07,Transformer,0.1,8D,42,14,Season,Winter,257,48.45205773437111,59.04582582909077
REAL_PLUS_8D_10,Real + 10% Phase 8D CAL-07,Transformer,0.1,8D,42,14,Regime,Extreme,180,50.79017139486594,63.39754788419493
REAL_PLUS_8D_10,Real + 10% Phase 8D CAL-07,Transformer,0.1,8D,42,14,Regime,High,327,48.09401305605972,57.84842996437802
REAL_PLUS_8D_10,Real + 10% Phase 8D CAL-07,Transformer,0.1,8D,42,14,Regime,Low,245,16.18588039059861,20.496132030911625
REAL_PLUS_8D_10,Real + 10% Phase 8D CAL-07,Transformer,0.1,8D,42,14,Regime,Moderate,330,21.933989788542014,30.633977072637894
REAL_PLUS_8D_25,Real + 25% Phase 8D CAL-07 (Primary Test),LSTM,0.25,8D,42,14,Year,2022,351,33.77299395405576,44.95808199321882
REAL_PLUS_8D_25,Real + 25% Phase 8D CAL-07 (Primary Test),LSTM,0.25,8D,42,14,Year,2023,365,34.6311210681801,45.17145893975941
REAL_PLUS_8D_25,Real + 25% Phase 8D CAL-07 (Primary Test),LSTM,0.25,8D,42,14,Year,2024,366,33.25658939286741,44.68595557654547
REAL_PLUS_8D_25,Real + 25% Phase 8D CAL-07 (Primary Test),LSTM,0.25,8D,42,14,Season,Monsoon,366,20.748173212158104,27.128676177754595
REAL_PLUS_8D_25,Real + 25% Phase 8D CAL-07 (Primary Test),LSTM,0.25,8D,42,14,Season,Post-Monsoon,183,51.67411017512921,63.571841059392426
REAL_PLUS_8D_25,Real + 25% Phase 8D CAL-07 (Primary Test),LSTM,0.25,8D,42,14,Season,Summer,276,26.27221820338365,32.29159267103758
REAL_PLUS_8D_25,Real + 25% Phase 8D CAL-07 (Primary Test),LSTM,0.25,8D,42,14,Season,Winter,257,48.11387550084195,58.79223219776561
REAL_PLUS_8D_25,Real + 25% Phase 8D CAL-07 (Primary Test),LSTM,0.25,8D,42,14,Regime,Extreme,180,49.67111776017165,62.03692309271935
REAL_PLUS_8D_25,Real + 25% Phase 8D CAL-07 (Primary Test),LSTM,0.25,8D,42,14,Regime,High,327,46.369896885597285,56.011076872440974
REAL_PLUS_8D_25,Real + 25% Phase 8D CAL-07 (Primary Test),LSTM,0.25,8D,42,14,Regime,Low,245,15.544727934806255,19.97590995246409
REAL_PLUS_8D_25,Real + 25% Phase 8D CAL-07 (Primary Test),LSTM,0.25,8D,42,14,Regime,Moderate,330,26.52841200939406,33.42449239959856
REAL_PLUS_8D_25,Real + 25% Phase 8D CAL-07 (Primary Test),TCN,0.25,8D,42,14,Year,2022,351,30.40528678894043,41.541834324250026
REAL_PLUS_8D_25,Real + 25% Phase 8D CAL-07 (Primary Test),TCN,0.25,8D,42,14,Year,2023,365,29.928199768066406,40.46814218896838
REAL_PLUS_8D_25,Real + 25% Phase 8D CAL-07 (Primary Test),TCN,0.25,8D,42,14,Year,2024,366,32.44078826904297,43.69878698974378
REAL_PLUS_8D_25,Real + 25% Phase 8D CAL-07 (Primary Test),TCN,0.25,8D,42,14,Season,Monsoon,366,17.59126853942871,22.31700759790613
REAL_PLUS_8D_25,Real + 25% Phase 8D CAL-07 (Primary Test),TCN,0.25,8D,42,14,Season,Post-Monsoon,183,51.96156692504883,65.26332254437595
REAL_PLUS_8D_25,Real + 25% Phase 8D CAL-07 (Primary Test),TCN,0.25,8D,42,14,Season,Summer,276,21.72836685180664,26.948616017774224
REAL_PLUS_8D_25,Real + 25% Phase 8D CAL-07 (Primary Test),TCN,0.25,8D,42,14,Season,Winter,257,44.84426498413086,53.667435223938405
REAL_PLUS_8D_25,Real + 25% Phase 8D CAL-07 (Primary Test),TCN,0.25,8D,42,14,Regime,Extreme,180,52.390159606933594,66.26231091394452
REAL_PLUS_8D_25,Real + 25% Phase 8D CAL-07 (Primary Test),TCN,0.25,8D,42,14,Regime,High,327,42.151424407958984,49.22212538029138
REAL_PLUS_8D_25,Real + 25% Phase 8D CAL-07 (Primary Test),TCN,0.25,8D,42,14,Regime,Low,245,16.041391372680664,20.64754331444482
REAL_PLUS_8D_25,Real + 25% Phase 8D CAL-07 (Primary Test),TCN,0.25,8D,42,14,Regime,Moderate,330,19.168161392211914,25.54566725929578
REAL_PLUS_8D_25,Real + 25% Phase 8D CAL-07 (Primary Test),Transformer,0.25,8D,42,14,Year,2022,351,32.4051662632364,43.90025901580267
REAL_PLUS_8D_25,Real + 25% Phase 8D CAL-07 (Primary Test),Transformer,0.25,8D,42,14,Year,2023,365,33.38812712276605,43.33126816424757
REAL_PLUS_8D_25,Real + 25% Phase 8D CAL-07 (Primary Test),Transformer,0.25,8D,42,14,Year,2024,366,35.06398910958974,46.75547620364343
REAL_PLUS_8D_25,Real + 25% Phase 8D CAL-07 (Primary Test),Transformer,0.25,8D,42,14,Season,Monsoon,366,17.715464670158553,22.54870328994624
REAL_PLUS_8D_25,Real + 25% Phase 8D CAL-07 (Primary Test),Transformer,0.25,8D,42,14,Season,Post-Monsoon,183,55.84719701487546,67.70906246517538
REAL_PLUS_8D_25,Real + 25% Phase 8D CAL-07 (Primary Test),Transformer,0.25,8D,42,14,Season,Summer,276,27.076264538126676,33.075068280394625
REAL_PLUS_8D_25,Real + 25% Phase 8D CAL-07 (Primary Test),Transformer,0.25,8D,42,14,Season,Winter,257,47.53834099919153,56.9966684348225
REAL_PLUS_8D_25,Real + 25% Phase 8D CAL-07 (Primary Test),Transformer,0.25,8D,42,14,Regime,Extreme,180,48.933784273133696,61.095102725020055
REAL_PLUS_8D_25,Real + 25% Phase 8D CAL-07 (Primary Test),Transformer,0.25,8D,42,14,Regime,High,327,49.055973463938095,57.191992038284134
REAL_PLUS_8D_25,Real + 25% Phase 8D CAL-07 (Primary Test),Transformer,0.25,8D,42,14,Regime,Low,245,16.018678623553082,20.189794250479455
REAL_PLUS_8D_25,Real + 25% Phase 8D CAL-07 (Primary Test),Transformer,0.25,8D,42,14,Regime,Moderate,330,23.09193641719122,31.16692672686564
REAL_PLUS_8D_50,Real + 50% Phase 8D CAL-07 (Upper Bound),LSTM,0.5,8D,42,14,Year,2022,351,33.24349150210258,44.04147746061572
REAL_PLUS_8D_50,Real + 50% Phase 8D CAL-07 (Upper Bound),LSTM,0.5,8D,42,14,Year,2023,365,35.08000031486498,45.371158471434555
REAL_PLUS_8D_50,Real + 50% Phase 8D CAL-07 (Upper Bound),LSTM,0.5,8D,42,14,Year,2024,366,33.343444176287214,44.95421640747661
REAL_PLUS_8D_50,Real + 50% Phase 8D CAL-07 (Upper Bound),LSTM,0.5,8D,42,14,Season,Monsoon,366,21.764378189235998,28.0280316554648
REAL_PLUS_8D_50,Real + 50% Phase 8D CAL-07 (Upper Bound),LSTM,0.5,8D,42,14,Season,Post-Monsoon,183,49.77143034827448,62.07338636998286
REAL_PLUS_8D_50,Real + 50% Phase 8D CAL-07 (Upper Bound),LSTM,0.5,8D,42,14,Season,Summer,276,26.156923586889253,32.18758174782774
REAL_PLUS_8D_50,Real + 50% Phase 8D CAL-07 (Upper Bound),LSTM,0.5,8D,42,14,Season,Winter,257,48.18335066034553,58.95470806356229
REAL_PLUS_8D_50,Real + 50% Phase 8D CAL-07 (Upper Bound),LSTM,0.5,8D,42,14,Regime,Extreme,180,51.8827271624973,65.23473789893808
REAL_PLUS_8D_50,Real + 50% Phase 8D CAL-07 (Upper Bound),LSTM,0.5,8D,42,14,Regime,High,327,44.201958369426634,53.25207283143801
REAL_PLUS_8D_50,Real + 50% Phase 8D CAL-07 (Upper Bound),LSTM,0.5,8D,42,14,Regime,Low,245,17.03084613306727,21.442654058105205
REAL_PLUS_8D_50,Real + 50% Phase 8D CAL-07 (Upper Bound),LSTM,0.5,8D,42,14,Regime,Moderate,330,26.396598854640416,33.29739389730795
REAL_PLUS_8D_50,Real + 50% Phase 8D CAL-07 (Upper Bound),TCN,0.5,8D,42,14,Year,2022,351,29.821548461914062,41.02784936879004
REAL_PLUS_8D_50,Real + 50% Phase 8D CAL-07 (Upper Bound),TCN,0.5,8D,42,14,Year,2023,365,29.424604415893555,40.07008782716308
REAL_PLUS_8D_50,Real + 50% Phase 8D CAL-07 (Upper Bound),TCN,0.5,8D,42,14,Year,2024,366,31.16860580444336,42.186953121455396
REAL_PLUS_8D_50,Real + 50% Phase 8D CAL-07 (Upper Bound),TCN,0.5,8D,42,14,Season,Monsoon,366,16.793827056884766,21.305633602250822
REAL_PLUS_8D_50,Real + 50% Phase 8D CAL-07 (Upper Bound),TCN,0.5,8D,42,14,Season,Post-Monsoon,183,51.342105865478516,64.05648218686575
REAL_PLUS_8D_50,Real + 50% Phase 8D CAL-07 (Upper Bound),TCN,0.5,8D,42,14,Season,Summer,276,20.70570945739746,25.4650363952868
REAL_PLUS_8D_50,Real + 50% Phase 8D CAL-07 (Upper Bound),TCN,0.5,8D,42,14,Season,Winter,257,44.195068359375,53.378412142105724
REAL_PLUS_8D_50,Real + 50% Phase 8D CAL-07 (Upper Bound),TCN,0.5,8D,42,14,Regime,Extreme,180,50.0024528503418,63.743305408293665
REAL_PLUS_8D_50,Real + 50% Phase 8D CAL-07 (Upper Bound),TCN,0.5,8D,42,14,Regime,High,327,41.35061264038086,48.74469121735207
REAL_PLUS_8D_50,Real + 50% Phase 8D CAL-07 (Upper Bound),TCN,0.5,8D,42,14,Regime,Low,245,15.760841369628906,20.180292407697078
REAL_PLUS_8D_50,Real + 50% Phase 8D CAL-07 (Upper Bound),TCN,0.5,8D,42,14,Regime,Moderate,330,18.883502960205078,25.82848655599932
REAL_PLUS_8D_50,Real + 50% Phase 8D CAL-07 (Upper Bound),Transformer,0.5,8D,42,14,Year,2022,351,31.451537016698154,42.35330251690719
REAL_PLUS_8D_50,Real + 50% Phase 8D CAL-07 (Upper Bound),Transformer,0.5,8D,42,14,Year,2023,365,31.817723140602414,42.42439918711627
REAL_PLUS_8D_50,Real + 50% Phase 8D CAL-07 (Upper Bound),Transformer,0.5,8D,42,14,Year,2024,366,33.67464799654186,45.442917102075725
REAL_PLUS_8D_50,Real + 50% Phase 8D CAL-07 (Upper Bound),Transformer,0.5,8D,42,14,Season,Monsoon,366,17.074153646311117,21.610419902570108
REAL_PLUS_8D_50,Real + 50% Phase 8D CAL-07 (Upper Bound),Transformer,0.5,8D,42,14,Season,Post-Monsoon,183,53.89744149503334,65.38917512146438
REAL_PLUS_8D_50,Real + 50% Phase 8D CAL-07 (Upper Bound),Transformer,0.5,8D,42,14,Season,Summer,276,24.463251445199266,30.430014052751783
REAL_PLUS_8D_50,Real + 50% Phase 8D CAL-07 (Upper Bound),Transformer,0.5,8D,42,14,Season,Winter,257,47.134825598829906,56.94611018379998
REAL_PLUS_8D_50,Real + 50% Phase 8D CAL-07 (Upper Bound),Transformer,0.5,8D,42,14,Regime,Extreme,180,47.899862214449975,60.48729747503687
REAL_PLUS_8D_50,Real + 50% Phase 8D CAL-07 (Upper Bound),Transformer,0.5,8D,42,14,Regime,High,327,46.78683521766357,55.006231847023756
REAL_PLUS_8D_50,Real + 50% Phase 8D CAL-07 (Upper Bound),Transformer,0.5,8D,42,14,Regime,Low,245,15.44983248045534,19.750262808351597
REAL_PLUS_8D_50,Real + 50% Phase 8D CAL-07 (Upper Bound),Transformer,0.5,8D,42,14,Regime,Moderate,330,22.03454646492943,30.092710209685816
