feature_name,feature_group,dtype,missing_count,missing_rate,infinite_count,unique_count,variance,min,max,mean,median,standard_deviation,prediction_safe,source_module
day_of_week,calendar_seasonal,int64,0,0.0,0,7,4.024658,0.0,6.0,3.008219,3.0,2.006155,True,ml.src.features
is_weekend,calendar_seasonal,int64,0,0.0,0,2,0.205479,0.0,1.0,0.287671,0.0,0.453298,True,ml.src.features
is_holiday,calendar_seasonal,int64,0,0.0,0,2,0.013548,0.0,1.0,0.013699,0.0,0.116396,True,ml.src.features
is_festival,calendar_seasonal,int64,0,0.0,0,2,0.018862,0.0,1.0,0.019178,0.0,0.137339,True,ml.src.features
is_stubble_season,fire_biomass_burning,int64,0,0.0,0,2,0.112494,0.0,1.0,0.128767,0.0,0.335402,True,ml.src.features
month,calendar_seasonal,int64,0,0.0,0,12,11.920337,1.0,12.0,6.526027,7.0,3.452584,True,ml.src.features
quarter,calendar_seasonal,int64,0,0.0,0,4,1.250595,1.0,4.0,2.509589,3.0,1.1183,True,ml.src.features
day_of_year,calendar_seasonal,int64,0,0.0,0,365,11132.5,1.0,365.0,183.0,183.0,105.510663,True,ml.src.features
week_of_year,calendar_seasonal,int64,0,0.0,0,52,227.031507,1.0,52.0,26.569863,27.0,15.067565,True,ml.src.features
is_winter,calendar_seasonal,int64,0,0.0,0,2,0.221286,0.0,1.0,0.328767,0.0,0.47041,True,ml.src.features
is_summer,calendar_seasonal,int64,0,0.0,0,2,0.223137,0.0,1.0,0.334247,0.0,0.472374,True,ml.src.features
is_monsoon,calendar_seasonal,int64,0,0.0,0,2,0.189041,0.0,1.0,0.252055,0.0,0.434789,True,ml.src.features
is_post_monsoon,calendar_seasonal,int64,0,0.0,0,2,0.077932,0.0,1.0,0.084932,0.0,0.279162,True,ml.src.features
days_until_diwali,calendar_seasonal,int64,0,0.0,0,354,10678.678714,0.0,353.0,180.523288,182.0,103.337693,True,ml.src.features
days_since_diwali,calendar_seasonal,int64,0,0.0,0,51,13772.839831,0.0,365.0,318.356164,365.0,117.357743,True,ml.src.features
festival_window,calendar_seasonal,int64,0,0.0,0,2,0.018862,0.0,1.0,0.019178,0.0,0.137339,True,ml.src.features
traffic_activity_proxy,calendar_seasonal,float64,0,0.0,0,2,0.102913,0.3,1.0,0.790959,1.0,0.3208,True,ml.src.features
pm25_lag_1d,pm25_historical,float64,0,0.0,0,362,8948.241003,25.26,385.86,142.482384,113.19,94.595143,True,ml.src.features
pm25_lag_2d,pm25_historical,float64,0,0.0,0,361,8993.696641,25.26,385.86,142.704548,113.19,94.835102,True,ml.src.features
pm25_lag_3d,pm25_historical,float64,0,0.0,0,360,9028.604596,25.26,385.86,142.856329,113.19,95.01897,True,ml.src.features
pm25_lag_7d,pm25_historical,float64,0,0.0,0,356,9082.05121,25.26,385.86,143.211151,113.19,95.299796,True,ml.src.features
pm25_lag_14d,pm25_historical,float64,0,0.0,0,349,8937.196193,25.26,385.86,142.893178,113.19,94.536745,True,ml.src.features
pm10_lag_1d,other_pollutant_historical,float64,0,0.0,0,362,20860.249777,45.73,635.15,260.917973,245.93,144.430778,True,ml.src.features
pm10_lag_2d,other_pollutant_historical,float64,0,0.0,0,361,20949.985052,45.73,635.15,261.220055,245.93,144.741097,True,ml.src.features
pm10_lag_3d,other_pollutant_historical,float64,0,0.0,0,360,21043.279728,45.73,635.15,261.543178,245.93,145.06302,True,ml.src.features
pm10_lag_7d,other_pollutant_historical,float64,0,0.0,0,356,21182.415388,45.73,635.15,262.234822,245.93,145.541799,True,ml.src.features
pm10_lag_14d,other_pollutant_historical,float64,0,0.0,0,349,20907.096605,45.73,635.15,261.815507,245.93,144.592865,True,ml.src.features
no2_lag_1d,other_pollutant_historical,float64,0,0.0,0,358,638.403902,20.29,122.93,60.491726,58.18,25.266656,True,ml.src.features
no2_lag_2d,other_pollutant_historical,float64,0,0.0,0,357,637.457731,20.29,122.93,60.445205,58.18,25.247925,True,ml.src.features
no2_lag_3d,other_pollutant_historical,float64,0,0.0,0,356,635.590238,20.29,122.93,60.378301,58.18,25.210915,True,ml.src.features
no2_lag_7d,other_pollutant_historical,float64,0,0.0,0,352,619.6171,20.29,122.93,60.043644,58.18,24.892109,True,ml.src.features
no2_lag_14d,other_pollutant_historical,float64,0,0.0,0,345,579.333894,20.29,122.93,59.247452,58.18,24.069356,True,ml.src.features
temperature_c_lag_1d,meteorological,float64,0,0.0,0,176,42.834116,8.2,36.2,24.097808,25.9,6.544778,True,ml.src.features
temperature_c_lag_2d,meteorological,float64,0,0.0,0,176,42.834116,8.2,36.2,24.097808,25.9,6.544778,True,ml.src.features
temperature_c_lag_3d,meteorological,float64,0,0.0,0,175,42.883332,8.2,36.2,24.095616,25.9,6.548537,True,ml.src.features
temperature_c_lag_7d,meteorological,float64,0,0.0,0,175,43.405935,8.2,36.2,24.070411,25.9,6.588318,True,ml.src.features
temperature_c_lag_14d,meteorological,float64,0,0.0,0,173,44.217044,8.2,36.2,24.031233,25.9,6.64959,True,ml.src.features
humidity_pct_lag_1d,meteorological,float64,0,0.0,0,67,295.334683,20.0,91.0,64.021918,67.0,17.185304,True,ml.src.features
humidity_pct_lag_2d,meteorological,float64,0,0.0,0,67,294.096086,20.0,91.0,63.991781,67.0,17.14923,True,ml.src.features
humidity_pct_lag_3d,meteorological,float64,0,0.0,0,67,293.260078,20.0,91.0,63.969863,67.0,17.124838,True,ml.src.features
humidity_pct_lag_7d,meteorological,float64,0,0.0,0,67,292.94653,20.0,91.0,63.964384,67.0,17.115681,True,ml.src.features
humidity_pct_lag_14d,meteorological,float64,0,0.0,0,67,295.896688,20.0,91.0,64.112329,67.0,17.201648,True,ml.src.features
wind_speed_kmh_lag_1d,wind_ventilation,float64,0,0.0,0,155,24.213082,6.4,36.1,15.834247,15.5,4.920679,True,ml.src.features
wind_speed_kmh_lag_2d,wind_ventilation,float64,0,0.0,0,155,24.23561,6.4,36.1,15.832603,15.5,4.922968,True,ml.src.features
wind_speed_kmh_lag_3d,wind_ventilation,float64,0,0.0,0,154,24.1309,7.6,36.1,15.838904,15.5,4.912321,True,ml.src.features
wind_speed_kmh_lag_7d,wind_ventilation,float64,0,0.0,0,152,24.319219,7.6,36.1,15.822466,15.5,4.931452,True,ml.src.features
wind_speed_kmh_lag_14d,wind_ventilation,float64,0,0.0,0,152,24.83468,7.6,36.1,15.741096,15.3,4.983441,True,ml.src.features
fire_hotspot_count_lag_1d,fire_biomass_burning,float64,0,0.0,0,1,0.0,0.0,0.0,0.0,0.0,0.0,True,ml.src.features
fire_hotspot_count_lag_2d,fire_biomass_burning,float64,0,0.0,0,1,0.0,0.0,0.0,0.0,0.0,0.0,True,ml.src.features
fire_hotspot_count_lag_3d,fire_biomass_burning,float64,0,0.0,0,1,0.0,0.0,0.0,0.0,0.0,0.0,True,ml.src.features
fire_hotspot_count_lag_7d,fire_biomass_burning,float64,0,0.0,0,1,0.0,0.0,0.0,0.0,0.0,0.0,True,ml.src.features
fire_hotspot_count_lag_14d,fire_biomass_burning,float64,0,0.0,0,1,0.0,0.0,0.0,0.0,0.0,0.0,True,ml.src.features
precipitation_mm_lag_1d,meteorological,float64,0,0.0,0,80,31.716846,0.0,35.3,2.357534,0.0,5.631771,True,ml.src.features
precipitation_mm_lag_2d,meteorological,float64,0,0.0,0,80,31.716846,0.0,35.3,2.357534,0.0,5.631771,True,ml.src.features
precipitation_mm_lag_3d,meteorological,float64,0,0.0,0,80,31.716846,0.0,35.3,2.357534,0.0,5.631771,True,ml.src.features
precipitation_mm_lag_7d,meteorological,float64,0,0.0,0,80,31.716846,0.0,35.3,2.357534,0.0,5.631771,True,ml.src.features
precipitation_mm_lag_14d,meteorological,float64,0,0.0,0,80,31.720484,0.0,35.3,2.356712,0.0,5.632094,True,ml.src.features
pm25_roll_mean_3d,pm25_historical,float64,0,0.0,0,363,8038.770269,27.336667,358.166667,142.666653,108.55,89.65919,True,ml.src.features
pm25_roll_median_3d,pm25_historical,float64,0,0.0,0,224,8433.417704,25.64,369.48,143.368041,111.95,91.833641,True,ml.src.features
pm25_roll_max_3d,pm25_historical,float64,0,0.0,0,181,11477.271869,29.14,385.86,169.756466,126.14,107.13203,True,ml.src.features
pm25_roll_min_3d,pm25_historical,float64,0,0.0,0,183,5537.396236,25.26,325.67,114.875452,91.94,74.413683,True,ml.src.features
pm25_roll_std_3d,pm25_historical,float64,0,0.0,0,364,586.903814,0.0,133.902475,28.85831,19.18656,24.226098,True,ml.src.features
pm25_roll_var_3d,pm25_historical,float64,0,0.0,0,364,5666640.039361,0.0,17929.8727,1418.097904,368.1241,2380.47055,True,ml.src.features
pm25_roll_mean_7d,pm25_historical,float64,0,0.0,0,363,7713.839025,32.247143,324.045714,142.689079,106.274286,87.828464,True,ml.src.features
pm25_roll_median_7d,pm25_historical,float64,0,0.0,0,163,8169.981494,27.0,327.05,144.015795,111.66,90.38795,True,ml.src.features
pm25_roll_max_7d,pm25_historical,float64,0,0.0,0,99,12778.883722,46.16,385.86,183.708411,130.97,113.043725,True,ml.src.features
pm25_roll_min_7d,pm25_historical,float64,0,0.0,0,97,4245.210893,25.26,285.16,101.356247,78.56,65.155283,True,ml.src.features
pm25_roll_std_7d,pm25_historical,float64,0,0.0,0,364,501.418494,0.0,110.588533,31.320705,20.751197,22.392376,True,ml.src.features
pm25_roll_var_7d,pm25_historical,float64,0,0.0,0,364,4154481.673707,0.0,12229.823581,1481.031293,430.612162,2038.254565,True,ml.src.features
pm25_roll_mean_14d,pm25_historical,float64,0,0.0,0,364,7411.348174,35.390714,304.522143,142.392289,105.074286,86.089187,True,ml.src.features
pm25_roll_median_14d,pm25_historical,float64,0,0.0,0,190,7698.793916,32.175,322.495,143.086945,108.005,87.742771,True,ml.src.features
pm25_roll_max_14d,pm25_historical,float64,0,0.0,0,55,13433.216572,50.55,385.86,193.966932,133.67,115.901754,True,ml.src.features
pm25_roll_min_14d,pm25_historical,float64,0,0.0,0,53,3534.482316,25.26,285.16,92.477616,72.74,59.451512,True,ml.src.features
pm25_roll_std_14d,pm25_historical,float64,0,0.0,0,364,496.207042,0.0,92.94308,33.208739,20.577581,22.275705,True,ml.src.features
pm25_roll_var_14d,pm25_historical,float64,0,0.0,0,364,3778587.931051,0.0,8638.416187,1597.667912,423.436842,1943.859031,True,ml.src.features
pm25_roll_mean_30d,pm25_historical,float64,0,0.0,0,364,6886.348495,41.37,296.597667,141.812355,104.971667,82.984026,True,ml.src.features
pm25_roll_median_30d,pm25_historical,float64,0,0.0,0,176,7150.794159,41.305,311.825,141.087,104.515,84.562368,True,ml.src.features
pm25_roll_max_30d,pm25_historical,float64,0,0.0,0,38,13927.927605,61.28,385.86,209.868493,135.41,118.016641,True,ml.src.features
pm25_roll_min_30d,pm25_historical,float64,0,0.0,0,33,3051.794408,25.26,285.16,83.102877,71.64,55.243049,True,ml.src.features
pm25_roll_std_30d,pm25_historical,float64,0,0.0,0,364,522.369329,0.0,83.773106,37.037424,29.730443,22.8554,True,ml.src.features
pm25_roll_var_30d,pm25_historical,float64,0,0.0,0,364,3927654.52879,0.0,7017.933327,1892.708943,883.899233,1981.831105,True,ml.src.features
pm10_roll_mean_3d,other_pollutant_historical,float64,0,0.0,0,364,18028.25078,56.396667,606.44,261.185562,243.803333,134.269322,True,ml.src.features
pm10_roll_median_3d,other_pollutant_historical,float64,0,0.0,0,221,18883.367137,52.59,619.47,262.323342,246.47,137.416764,True,ml.src.features
pm10_roll_max_3d,other_pollutant_historical,float64,0,0.0,0,185,25586.863635,59.02,635.15,311.272356,290.39,159.958944,True,ml.src.features
pm10_roll_min_3d,other_pollutant_historical,float64,0,0.0,0,178,13190.389347,45.73,564.7,209.960986,196.03,114.84942,True,ml.src.features
pm10_roll_std_3d,other_pollutant_historical,float64,0,0.0,0,364,1526.545142,0.0,228.673566,53.228765,40.055474,39.071027,True,ml.src.features
pm10_roll_var_3d,other_pollutant_historical,float64,0,0.0,0,364,43555470.701204,0.0,52291.5996,4355.664225,1604.441033,6599.656862,True,ml.src.features
pm10_roll_mean_7d,other_pollutant_historical,float64,0,0.0,0,364,17025.497024,64.15,532.132857,261.17357,242.555714,130.481788,True,ml.src.features
pm10_roll_median_7d,other_pollutant_historical,float64,0,0.0,0,165,18046.597606,59.02,563.88,262.587055,245.93,134.337625,True,ml.src.features
pm10_roll_max_7d,other_pollutant_historical,float64,0,0.0,0,99,27756.244679,90.72,635.15,338.20474,313.09,166.602055,True,ml.src.features
pm10_roll_min_7d,other_pollutant_historical,float64,0,0.0,0,95,9645.998661,45.73,464.32,183.443507,175.38,98.214045,True,ml.src.features
pm10_roll_std_7d,other_pollutant_historical,float64,0,0.0,0,364,1151.004618,0.0,178.639119,58.345833,51.070611,33.926459,True,ml.src.features
pm10_roll_var_7d,other_pollutant_historical,float64,0,0.0,0,364,28128327.077242,0.0,31911.934862,4552.087453,2608.207295,5303.614529,True,ml.src.features
pm10_roll_mean_14d,other_pollutant_historical,float64,0,0.0,0,364,16210.543011,71.594286,490.714286,260.615521,242.183571,127.320631,True,ml.src.features
pm10_roll_median_14d,other_pollutant_historical,float64,0,0.0,0,200,16807.253105,64.61,506.405,261.961644,249.11,129.64279,True,ml.src.features
pm10_roll_max_14d,other_pollutant_historical,float64,0,0.0,0,59,29415.709874,106.07,635.15,359.074411,320.49,171.510087,True,ml.src.features
pm10_roll_min_14d,other_pollutant_historical,float64,0,0.0,0,59,7677.314623,45.73,464.32,166.561616,169.19,87.620287,True,ml.src.features
pm10_roll_std_14d,other_pollutant_historical,float64,0,0.0,0,364,1069.162888,0.0,145.361835,61.56583,53.036326,32.698056,True,ml.src.features
pm10_roll_var_14d,other_pollutant_historical,float64,0,0.0,0,364,23291393.198726,0.0,21130.063209,4856.585135,2812.851877,4826.115747,True,ml.src.features
pm10_roll_mean_30d,other_pollutant_historical,float64,0,0.0,0,364,14973.838503,82.687,477.063667,259.939885,239.003667,122.367637,True,ml.src.features
pm10_roll_median_30d,other_pollutant_historical,float64,0,0.0,0,171,15648.951088,86.515,496.025,259.470712,241.325,125.095768,True,ml.src.features
pm10_roll_max_30d,other_pollutant_historical,float64,0,0.0,0,41,29906.937701,121.0,635.15,389.388932,342.08,172.936224,True,ml.src.features
pm10_roll_min_30d,other_pollutant_historical,float64,0,0.0,0,39,6953.488517,45.73,464.32,149.691945,149.89,83.38758,True,ml.src.features
pm10_roll_std_30d,other_pollutant_historical,float64,0,0.0,0,364,1085.079163,0.0,131.488,68.035648,58.441542,32.94054,True,ml.src.features
pm10_roll_var_30d,other_pollutant_historical,float64,0,0.0,0,364,23167513.660303,0.0,17289.094198,5710.955699,3415.413858,4813.264346,True,ml.src.features
temperature_c_roll_mean_3d,meteorological,float64,0,0.0,0,291,42.248767,8.466667,35.566667,24.096941,26.2,6.499905,True,ml.src.features
temperature_c_roll_median_3d,meteorological,float64,0,0.0,0,152,42.853276,8.3,35.6,24.119589,26.4,6.546241,True,ml.src.features
temperature_c_roll_max_3d,meteorological,float64,0,0.0,0,141,42.666747,8.9,36.2,24.84,27.1,6.531979,True,ml.src.features
temperature_c_roll_min_3d,meteorological,float64,0,0.0,0,143,41.899077,8.2,34.9,23.331233,24.4,6.47295,True,ml.src.features
temperature_c_roll_std_3d,meteorological,float64,0,0.0,0,353,0.284877,0.0,3.592121,0.787986,0.680686,0.533739,True,ml.src.features
temperature_c_roll_var_3d,meteorological,float64,0,0.0,0,353,1.678646,0.0,12.903333,0.905018,0.463333,1.295626,True,ml.src.features
temperature_c_roll_mean_7d,meteorological,float64,0,0.0,0,332,41.547081,9.557143,34.614286,24.083246,25.942857,6.445703,True,ml.src.features
temperature_c_roll_median_7d,meteorological,float64,0,0.0,0,122,42.112062,9.4,34.4,24.093699,26.2,6.489381,True,ml.src.features
temperature_c_roll_max_7d,meteorological,float64,0,0.0,0,103,42.284696,11.1,36.2,25.687123,28.2,6.502668,True,ml.src.features
temperature_c_roll_min_7d,meteorological,float64,0,0.0,0,105,40.81311,8.2,33.2,22.423288,22.9,6.388514,True,ml.src.features
temperature_c_roll_std_7d,meteorological,float64,0,0.0,0,358,0.398844,0.0,3.790715,1.219695,1.09805,0.631541,True,ml.src.features
temperature_c_roll_var_7d,meteorological,float64,0,0.0,0,359,4.006785,0.0,14.369524,1.885408,1.205714,2.001696,True,ml.src.features
temperature_c_roll_mean_14d,meteorological,float64,0,0.0,0,329,41.197195,10.057143,33.292857,24.043419,26.192857,6.418504,True,ml.src.features
temperature_c_roll_median_14d,meteorological,float64,0,0.0,0,186,41.448708,9.7,33.05,24.039178,26.8,6.438067,True,ml.src.features
temperature_c_roll_max_14d,meteorological,float64,0,0.0,0,72,44.376252,12.5,36.2,26.520548,29.4,6.66155,True,ml.src.features
temperature_c_roll_min_14d,meteorological,float64,0,0.0,0,81,38.640847,8.2,30.8,21.453425,22.1,6.216176,True,ml.src.features
temperature_c_roll_std_14d,meteorological,float64,0,0.0,0,361,0.584828,0.0,4.004318,1.589708,1.405484,0.764741,True,ml.src.features
temperature_c_roll_var_14d,meteorological,float64,0,0.0,0,361,8.911647,0.0,16.03456,3.110397,1.975385,2.985238,True,ml.src.features
temperature_c_roll_mean_30d,meteorological,float64,0,0.0,0,349,41.276132,10.057143,31.373333,23.952175,26.066667,6.42465,True,ml.src.features
temperature_c_roll_median_30d,meteorological,float64,0,0.0,0,186,41.270309,9.7,32.1,23.961096,26.55,6.424197,True,ml.src.features
temperature_c_roll_max_30d,meteorological,float64,0,0.0,0,52,45.028437,12.5,36.2,27.635068,29.7,6.710323,True,ml.src.features
temperature_c_roll_min_30d,meteorological,float64,0,0.0,0,53,39.239176,8.2,28.0,20.100548,21.9,6.264118,True,ml.src.features
temperature_c_roll_std_30d,meteorological,float64,0,0.0,0,362,0.688724,0.0,4.263634,2.089205,1.937222,0.829894,True,ml.src.features
temperature_c_roll_var_30d,meteorological,float64,0,0.0,0,362,15.09733,0.0,18.178575,5.051615,3.752828,3.885528,True,ml.src.features
humidity_pct_roll_mean_3d,meteorological,float64,0,0.0,0,154,274.837648,22.0,90.666667,63.994064,67.0,16.578228,True,ml.src.features
humidity_pct_roll_median_3d,meteorological,float64,0,0.0,0,63,282.93734,22.0,91.0,63.842466,67.0,16.820741,True,ml.src.features
humidity_pct_roll_max_3d,meteorological,float64,0,0.0,0,61,272.547313,22.0,91.0,68.265753,71.0,16.509007,True,ml.src.features
humidity_pct_roll_min_3d,meteorological,float64,0,0.0,0,64,291.824733,20.0,90.0,59.873973,64.0,17.082878,True,ml.src.features
humidity_pct_roll_std_3d,meteorological,float64,0,0.0,0,341,9.959923,0.0,16.623277,4.365521,3.511885,3.155935,True,ml.src.features
humidity_pct_roll_var_3d,meteorological,float64,0,0.0,0,341,1763.937408,0.0,276.333333,28.990411,12.333333,41.999255,True,ml.src.features
humidity_pct_roll_mean_7d,meteorological,float64,0,0.0,0,233,243.106693,24.571429,87.857143,63.984455,67.285714,15.591879,True,ml.src.features
humidity_pct_roll_median_7d,meteorological,float64,0,0.0,0,60,261.053056,25.0,88.0,63.749315,67.0,16.157136,True,ml.src.features
humidity_pct_roll_max_7d,meteorological,float64,0,0.0,0,55,225.661478,28.0,91.0,73.175342,76.0,15.022033,True,ml.src.features
humidity_pct_roll_min_7d,meteorological,float64,0,0.0,0,57,288.162984,20.0,87.0,55.372603,57.0,16.975364,True,ml.src.features
humidity_pct_roll_std_7d,meteorological,float64,0,0.0,0,353,15.748459,0.0,21.906729,6.582307,5.711309,3.968433,True,ml.src.features
humidity_pct_roll_var_7d,meteorological,float64,0,0.0,0,354,5797.677463,0.0,479.904762,59.032074,32.619048,76.142481,True,ml.src.features
humidity_pct_roll_mean_14d,meteorological,float64,0,0.0,0,275,205.270694,26.357143,85.727273,64.060341,66.642857,14.327271,True,ml.src.features
humidity_pct_roll_median_14d,meteorological,float64,0,0.0,0,97,241.602243,25.5,87.0,63.490411,67.0,15.54356,True,ml.src.features
humidity_pct_roll_max_14d,meteorological,float64,0,0.0,0,43,141.208069,38.0,91.0,78.764384,82.0,11.8831,True,ml.src.features
humidity_pct_roll_min_14d,meteorological,float64,0,0.0,0,45,290.892669,20.0,81.0,51.013699,52.0,17.055576,True,ml.src.features
humidity_pct_roll_std_14d,meteorological,float64,0,0.0,0,360,21.486673,0.0,23.571262,8.731426,7.488086,4.635372,True,ml.src.features
humidity_pct_roll_var_14d,meteorological,float64,0,0.0,0,360,11240.729085,0.0,555.604396,97.665606,56.071429,106.022305,True,ml.src.features
humidity_pct_roll_mean_30d,meteorological,float64,0,0.0,0,314,162.634608,38.1,85.727273,64.309631,65.766667,12.752827,True,ml.src.features
humidity_pct_roll_median_30d,meteorological,float64,0,0.0,0,86,220.536252,34.0,87.0,63.879452,66.0,14.850463,True,ml.src.features
humidity_pct_roll_max_30d,meteorological,float64,0,0.0,0,19,33.521421,72.0,91.0,84.80274,87.0,5.789769,True,ml.src.features
humidity_pct_roll_min_30d,meteorological,float64,0,0.0,0,33,283.307135,20.0,79.0,45.80274,47.0,16.83173,True,ml.src.features
humidity_pct_roll_std_30d,meteorological,float64,0,0.0,0,355,22.741977,0.0,21.924007,11.059925,10.047073,4.768855,True,ml.src.features
humidity_pct_roll_var_30d,meteorological,float64,0,0.0,0,355,13369.56619,0.0,480.662069,145.001603,100.943678,115.62684,True,ml.src.features
fire_hotspot_count_roll_mean_3d,fire_biomass_burning,float64,0,0.0,0,1,0.0,0.0,0.0,0.0,0.0,0.0,True,ml.src.features
fire_hotspot_count_roll_median_3d,fire_biomass_burning,float64,0,0.0,0,1,0.0,0.0,0.0,0.0,0.0,0.0,True,ml.src.features
fire_hotspot_count_roll_max_3d,fire_biomass_burning,float64,0,0.0,0,1,0.0,0.0,0.0,0.0,0.0,0.0,True,ml.src.features
fire_hotspot_count_roll_min_3d,fire_biomass_burning,float64,0,0.0,0,1,0.0,0.0,0.0,0.0,0.0,0.0,True,ml.src.features
fire_hotspot_count_roll_std_3d,fire_biomass_burning,float64,0,0.0,0,1,0.0,0.0,0.0,0.0,0.0,0.0,True,ml.src.features
fire_hotspot_count_roll_var_3d,fire_biomass_burning,float64,0,0.0,0,1,0.0,0.0,0.0,0.0,0.0,0.0,True,ml.src.features
fire_hotspot_count_roll_mean_7d,fire_biomass_burning,float64,0,0.0,0,1,0.0,0.0,0.0,0.0,0.0,0.0,True,ml.src.features
fire_hotspot_count_roll_median_7d,fire_biomass_burning,float64,0,0.0,0,1,0.0,0.0,0.0,0.0,0.0,0.0,True,ml.src.features
fire_hotspot_count_roll_max_7d,fire_biomass_burning,float64,0,0.0,0,1,0.0,0.0,0.0,0.0,0.0,0.0,True,ml.src.features
fire_hotspot_count_roll_min_7d,fire_biomass_burning,float64,0,0.0,0,1,0.0,0.0,0.0,0.0,0.0,0.0,True,ml.src.features
fire_hotspot_count_roll_std_7d,fire_biomass_burning,float64,0,0.0,0,1,0.0,0.0,0.0,0.0,0.0,0.0,True,ml.src.features
fire_hotspot_count_roll_var_7d,fire_biomass_burning,float64,0,0.0,0,1,0.0,0.0,0.0,0.0,0.0,0.0,True,ml.src.features
fire_hotspot_count_roll_mean_14d,fire_biomass_burning,float64,0,0.0,0,1,0.0,0.0,0.0,0.0,0.0,0.0,True,ml.src.features
fire_hotspot_count_roll_median_14d,fire_biomass_burning,float64,0,0.0,0,1,0.0,0.0,0.0,0.0,0.0,0.0,True,ml.src.features
fire_hotspot_count_roll_max_14d,fire_biomass_burning,float64,0,0.0,0,1,0.0,0.0,0.0,0.0,0.0,0.0,True,ml.src.features
fire_hotspot_count_roll_min_14d,fire_biomass_burning,float64,0,0.0,0,1,0.0,0.0,0.0,0.0,0.0,0.0,True,ml.src.features
fire_hotspot_count_roll_std_14d,fire_biomass_burning,float64,0,0.0,0,1,0.0,0.0,0.0,0.0,0.0,0.0,True,ml.src.features
fire_hotspot_count_roll_var_14d,fire_biomass_burning,float64,0,0.0,0,1,0.0,0.0,0.0,0.0,0.0,0.0,True,ml.src.features
fire_hotspot_count_roll_mean_30d,fire_biomass_burning,float64,0,0.0,0,1,0.0,0.0,0.0,0.0,0.0,0.0,True,ml.src.features
fire_hotspot_count_roll_median_30d,fire_biomass_burning,float64,0,0.0,0,1,0.0,0.0,0.0,0.0,0.0,0.0,True,ml.src.features
fire_hotspot_count_roll_max_30d,fire_biomass_burning,float64,0,0.0,0,1,0.0,0.0,0.0,0.0,0.0,0.0,True,ml.src.features
fire_hotspot_count_roll_min_30d,fire_biomass_burning,float64,0,0.0,0,1,0.0,0.0,0.0,0.0,0.0,0.0,True,ml.src.features
fire_hotspot_count_roll_std_30d,fire_biomass_burning,float64,0,0.0,0,1,0.0,0.0,0.0,0.0,0.0,0.0,True,ml.src.features
fire_hotspot_count_roll_var_30d,fire_biomass_burning,float64,0,0.0,0,1,0.0,0.0,0.0,0.0,0.0,0.0,True,ml.src.features
wind_speed_kmh_roll_mean_3d,wind_ventilation,float64,0,0.0,0,300,15.467536,8.666667,30.466667,15.835479,15.6,3.932879,True,ml.src.features
wind_speed_kmh_roll_median_3d,wind_ventilation,float64,0,0.0,0,123,17.723853,8.6,30.6,15.700137,15.5,4.209971,True,ml.src.features
wind_speed_kmh_roll_max_3d,wind_ventilation,float64,0,0.0,0,119,24.633788,8.7,36.1,18.713973,18.4,4.963244,True,ml.src.features
wind_speed_kmh_roll_min_3d,wind_ventilation,float64,0,0.0,0,105,14.339941,6.4,30.0,13.092329,12.9,3.786811,True,ml.src.features
wind_speed_kmh_roll_std_3d,wind_ventilation,float64,0,0.0,0,358,4.253588,0.0,13.617268,2.967504,2.570992,2.062423,True,ml.src.features
wind_speed_kmh_roll_var_3d,wind_ventilation,float64,0,0.0,0,358,374.142496,0.0,185.43,13.048014,6.61,19.342763,True,ml.src.features
wind_speed_kmh_roll_mean_7d,wind_ventilation,float64,0,0.0,0,308,11.158405,8.7,27.1,15.836021,15.928571,3.34042,True,ml.src.features
wind_speed_kmh_roll_median_7d,wind_ventilation,float64,0,0.0,0,96,13.547375,8.7,28.1,15.651096,15.9,3.680676,True,ml.src.features
wind_speed_kmh_roll_max_7d,wind_ventilation,float64,0,0.0,0,82,23.508442,8.7,36.1,21.206849,21.7,4.848551,True,ml.src.features
wind_speed_kmh_roll_min_7d,wind_ventilation,float64,0,0.0,0,60,7.605857,6.4,21.4,11.176712,10.1,2.757872,True,ml.src.features
wind_speed_kmh_roll_std_7d,wind_ventilation,float64,0,0.0,0,362,2.27995,0.0,8.769536,3.587016,3.524405,1.50995,True,ml.src.features
wind_speed_kmh_roll_var_7d,wind_ventilation,float64,0,0.0,0,361,158.055613,0.0,76.904762,15.140384,12.421429,12.572017,True,ml.src.features
wind_speed_kmh_roll_mean_14d,wind_ventilation,float64,0,0.0,0,324,9.09102,8.7,23.742857,15.833271,16.042857,3.015132,True,ml.src.features
wind_speed_kmh_roll_median_14d,wind_ventilation,float64,0,0.0,0,124,10.00185,8.7,22.3,15.537808,15.8,3.16257,True,ml.src.features
wind_speed_kmh_roll_max_14d,wind_ventilation,float64,0,0.0,0,52,21.607011,8.7,36.1,23.219452,23.2,4.648334,True,ml.src.features
wind_speed_kmh_roll_min_14d,wind_ventilation,float64,0,0.0,0,37,3.458967,6.4,15.2,9.931233,9.6,1.85983,True,ml.src.features
wind_speed_kmh_roll_std_14d,wind_ventilation,float64,0,0.0,0,363,1.413687,0.0,7.180101,3.845183,3.771641,1.188986,True,ml.src.features
wind_speed_kmh_roll_var_14d,wind_ventilation,float64,0,0.0,0,363,93.033698,0.0,51.553846,16.195248,14.225275,9.645398,True,ml.src.features
wind_speed_kmh_roll_mean_30d,wind_ventilation,float64,0,0.0,0,337,7.721607,8.7,22.3,15.818797,16.17,2.778778,True,ml.src.features
wind_speed_kmh_roll_median_30d,wind_ventilation,float64,0,0.0,0,111,8.645105,8.7,21.6,15.463288,15.7,2.940256,True,ml.src.features
wind_speed_kmh_roll_max_30d,wind_ventilation,float64,0,0.0,0,34,23.829296,8.7,36.1,25.228493,25.0,4.881526,True,ml.src.features
wind_speed_kmh_roll_min_30d,wind_ventilation,float64,0,0.0,0,17,0.936626,6.4,11.8,8.848767,8.9,0.967795,True,ml.src.features
wind_speed_kmh_roll_std_30d,wind_ventilation,float64,0,0.0,0,360,1.055302,0.0,6.374523,3.998952,3.814234,1.027279,True,ml.src.features
wind_speed_kmh_roll_var_30d,wind_ventilation,float64,0,0.0,0,360,68.755917,0.0,40.63454,17.044029,14.548379,8.291919,True,ml.src.features
