method,nominal_coverage,dimension,slice_name,sample_count,empirical_coverage,coverage_error,mean_width_ugm3,median_width_ugm3,winkler_interval_score
empirical_residual_global,0.8,Global,Overall_All_Folds,1096,0.8074817518248175,0.007481751824817473,51.97974295311687,52.31862857241279,77.73336388590059
empirical_residual_global,0.8,Year,2022,365,0.7972602739726027,-0.00273972602739736,52.318628572412784,52.31862857241279,83.82539854828383
empirical_residual_global,0.8,Year,2023,365,0.8164383561643835,0.016438356164383494,52.318628572412784,52.31862857241279,71.69163605091356
empirical_residual_global,0.8,Year,2024,366,0.8087431693989071,0.008743169398907069,51.303823548510245,51.30382354851025,77.68319450885251
empirical_residual_global,0.8,Season,Winter,271,0.6568265682656826,-0.1431734317343174,51.97786378578868,52.31862857241276,101.69354545496789
empirical_residual_global,0.8,Season,Summer,276,0.8659420289855072,0.06594202898550716,51.98036023111194,52.31862857241279,61.07546664252141
empirical_residual_global,0.8,Season,Monsoon,366,0.9453551912568307,0.1453551912568306,51.98036023111194,52.31862857241279,56.15997844961915
empirical_residual_global,0.8,Season,Post-Monsoon,183,0.6666666666666666,-0.13333333333333341,51.98036023111194,52.31862857241279,110.52150325002317
empirical_residual_global,0.8,Pollution_Regime,Low,245,0.9795918367346939,0.1795918367346938,51.98312160532664,52.31862857241279,55.07249688411992
empirical_residual_global,0.8,Pollution_Regime,Moderate,330,0.8757575757575757,0.07575757575757569,51.97420989763374,52.31862857241279,62.918788477960796
empirical_residual_global,0.8,Pollution_Regime,High,330,0.7363636363636363,-0.06363636363636371,51.97113473089465,52.31862857241279,89.89952711029053
empirical_residual_global,0.8,Pollution_Regime,Extreme,191,0.5916230366492147,-0.20837696335078537,51.99984165390936,52.31862857241276,111.3767588388206
empirical_residual_global,0.8,Extreme_Subset,Extreme_Episodes_ge_150,398,0.6633165829145728,-0.1366834170854272,51.98460983338958,52.31862857241276,103.61385949666413
empirical_residual_global,0.9,Global,Overall_All_Folds,1096,0.9023722627737226,0.0023722627737226,69.04284426016594,69.53924910963215,96.74305249103053
empirical_residual_global,0.9,Year,2022,365,0.8958904109589041,-0.004109589041095929,69.53924910963214,69.53924910963215,107.12440490031089
empirical_residual_global,0.9,Year,2023,365,0.9260273972602739,0.02602739726027392,69.53924910963214,69.53924910963215,86.21870188231168
empirical_residual_global,0.9,Year,2024,366,0.8852459016393442,-0.014754098360655776,68.05274715603935,68.05274715603937,96.88565998500603
empirical_residual_global,0.9,Season,Winter,271,0.8044280442804428,-0.09557195571955723,69.04009162706039,69.53924910963212,123.42618714027124
empirical_residual_global,0.9,Season,Summer,276,0.9710144927536232,0.07101449275362315,69.04374845843455,69.53924910963215,75.5091505379436
empirical_residual_global,0.9,Season,Monsoon,366,0.9863387978142076,0.08633879781420761,69.04374845843454,69.53924910963215,72.22624698278557
empirical_residual_global,0.9,Season,Post-Monsoon,183,0.7759562841530054,-0.12404371584699458,69.04374845843454,69.53924910963215,138.2871960163061
empirical_residual_global,0.9,Pollution_Regime,Low,245,0.9836734693877551,0.0836734693877551,69.04779336170964,69.53924910963214,72.61879896904628
empirical_residual_global,0.9,Pollution_Regime,Moderate,330,0.9575757575757575,0.0575757575757575,69.0347393556855,69.53924910963215,79.01671751052622
empirical_residual_global,0.9,Pollution_Regime,High,330,0.8696969696969697,-0.030303030303030276,69.03023480431098,69.53924910963215,113.17237382105408
empirical_residual_global,0.9,Pollution_Regime,Extreme,191,0.7591623036649214,-0.1408376963350786,69.07228514515272,69.53924910963212,129.92868923210276
empirical_residual_global,0.9,Extreme_Subset,Extreme_Episodes_ge_150,398,0.7989949748743719,-0.10100502512562815,69.04997334098728,69.53924910963212,125.65287923067201
empirical_residual_global,0.95,Global,Overall_All_Folds,1096,0.9607664233576643,0.010766423357664312,101.5588461287492,109.1451076263007,114.95465259722471
empirical_residual_global,0.95,Year,2022,365,0.9452054794520548,-0.004794520547945158,106.78505188934137,109.14510762630073,121.62632583351414
empirical_residual_global,0.95,Year,2023,365,0.9863013698630136,0.03630136986301369,106.43015754154311,109.14510762630073,112.61576707458312
empirical_residual_global,0.95,Year,2024,366,0.9508196721311475,0.0008196721311475308,91.4889178000991,92.9789735604682,110.63370310137365
empirical_residual_global,0.95,Season,Winter,271,0.9114391143911439,-0.038560885608856066,103.71662718353038,109.14510762630073,131.25191934487228
empirical_residual_global,0.95,Season,Summer,276,0.9891304347826086,0.03913043478260869,103.75639627102323,109.14510762630073,105.3494302651719
empirical_residual_global,0.95,Season,Monsoon,366,0.9972677595628415,0.04726775956284157,97.20520082506208,96.2370729931488,97.21159759411701
empirical_residual_global,0.95,Season,Post-Monsoon,183,0.9180327868852459,-0.031967213114754034,103.75639627102322,109.14510762630073,140.79312366920013
empirical_residual_global,0.95,Pollution_Regime,Low,245,0.9959183673469387,0.04591836734693877,94.86066287644886,95.05615639933981,94.87021886613906
empirical_residual_global,0.95,Pollution_Regime,Moderate,330,0.9848484848484849,0.034848484848484906,103.02961537110757,109.14510762630073,105.28782143510014
empirical_residual_global,0.95,Pollution_Regime,High,330,0.9393939393939394,-0.010606060606060508,103.60943141587927,109.14510762630073,132.39605008599068
empirical_residual_global,0.95,Pollution_Regime,Extreme,191,0.9109947643979057,-0.039005235602094235,104.06674090404967,109.14510762630073,127.28491111201171
empirical_residual_global,0.95,Extreme_Subset,Extreme_Episodes_ge_150,398,0.9221105527638191,-0.02788944723618081,103.82409364985836,109.14510762630073,133.83631885395425
gaussian_residual_global,0.8,Global,Overall_All_Folds,1096,0.8494525547445255,0.04945255474452548,58.670572321535836,59.869868033550176,78.84117045489319
gaussian_residual_global,0.8,Year,2022,365,0.8383561643835616,0.0383561643835616,59.86986803355018,59.869868033550176,85.07712362951665
gaussian_residual_global,0.8,Year,2023,365,0.8684931506849315,0.06849315068493145,59.86986803355017,59.869868033550176,73.13868195337969
gaussian_residual_global,0.8,Year,2024,366,0.8415300546448088,0.041530054644808745,56.2785344259881,56.278534425988084,78.30916333553493
gaussian_residual_global,0.8,Season,Winter,271,0.7380073800738007,-0.06199261992619931,58.66392206200721,59.869868033550176,97.58139810131536
gaussian_residual_global,0.8,Season,Summer,276,0.9130434782608695,0.11304347826086947,58.67275683102948,59.869868033550176,64.8104124200701
gaussian_residual_global,0.8,Season,Monsoon,366,0.9562841530054644,0.1562841530054644,58.67275683102948,59.869868033550176,61.63869128807006
gaussian_residual_global,0.8,Season,Post-Monsoon,183,0.7049180327868853,-0.09508196721311479,58.672756831029496,59.869868033550176,106.65535023898082
gaussian_residual_global,0.8,Pollution_Regime,Low,245,0.9795918367346939,0.1795918367346938,58.6825291673766,59.869868033550176,61.43720354623072
gaussian_residual_global,0.8,Pollution_Regime,Moderate,330,0.8939393939393939,0.09393939393939388,58.65099117280183,59.869868033550176,67.38636617240554
gaussian_residual_global,0.8,Pollution_Regime,High,330,0.8090909090909091,0.009090909090909038,58.64010834368801,59.869868033550176,88.9374692102025
gaussian_residual_global,0.8,Pollution_Regime,Extreme,191,0.675392670157068,-0.12460732984293199,58.74170040813805,59.86986803355023,103.51278677212443
gaussian_residual_global,0.8,Extreme_Subset,Extreme_Episodes_ge_150,398,0.7311557788944724,-0.06884422110552768,58.68779591648831,59.869868033550176,98.92782229126905
gaussian_residual_global,0.9,Global,Overall_All_Folds,1096,0.9187956204379562,0.01879562043795613,75.2999490267502,76.84214371681779,97.66314046687481
gaussian_residual_global,0.9,Year,2022,365,0.915068493150685,0.015068493150684925,76.8366616481779,76.8421437168178,107.44950340518392
gaussian_residual_global,0.9,Year,2023,365,0.947945205479452,0.047945205479452024,76.83887187383195,76.8421437168178,89.0216273216769
gaussian_residual_global,0.9,Year,2024,366,0.8934426229508197,-0.006557377049180357,72.23271693383779,72.2327169338378,96.52141867866283
gaussian_residual_global,0.9,Season,Winter,271,0.8413284132841329,-0.05867158671586714,75.29432881921196,76.84214371681776,118.93759547026028
gaussian_residual_global,0.9,Season,Summer,276,0.9855072463768116,0.08550724637681162,75.30566812249114,76.84214371681779,80.36619662091287
gaussian_residual_global,0.9,Season,Monsoon,366,0.9863387978142076,0.08633879781420761,75.2969381286567,76.84214371681779,77.7633902164814
gaussian_residual_global,0.9,Season,Post-Monsoon,183,0.7978142076502732,-0.1021857923497268,75.30566812249113,76.84214371681776,132.04504094344324
gaussian_residual_global,0.9,Pollution_Regime,Low,245,0.9836734693877551,0.0836734693877551,75.30516923859422,76.84214371681779,77.964149048026
gaussian_residual_global,0.9,Pollution_Regime,Moderate,330,0.9696969696969697,0.0696969696969697,75.27773220259428,76.84214371681779,83.04931125189036
gaussian_residual_global,0.9,Pollution_Regime,High,330,0.8878787878787879,-0.012121212121212088,75.26376424264586,76.8421437168178,112.68084569706672
gaussian_residual_global,0.9,Pollution_Regime,Extreme,191,0.8010471204188482,-0.09895287958115184,75.39415624572457,76.84214371681776,122.23368398833821
gaussian_residual_global,0.9,Extreme_Subset,Extreme_Episodes_ge_150,398,0.8316582914572864,-0.0683417085427136,75.32497057970627,76.84214371681776,120.95537654346035
gaussian_residual_global,0.95,Global,Overall_All_Folds,1096,0.9443430656934306,-0.005656934306569328,89.23099249913147,91.56306172905258,114.49791292841978
gaussian_residual_global,0.95,Year,2022,365,0.9260273972602739,-0.023972602739726012,91.05232214720844,91.5630617290526,129.29408136704401
gaussian_residual_global,0.95,Year,2023,365,0.9726027397260274,0.022602739726027443,90.9383869338656,91.5630617290526,103.47430421680787
gaussian_residual_global,0.95,Year,2024,366,0.9344262295081968,-0.015573770491803196,85.71190973895095,86.07059094868347,110.7356607416452
gaussian_residual_global,0.95,Season,Winter,271,0.8929889298892989,-0.057011070110701056,89.7187265223604,91.5630617290526,139.84699087257115
gaussian_residual_global,0.95,Season,Summer,276,0.9855072463768116,0.035507246376811685,89.73223813559623,91.56306172905258,95.71433976619616
gaussian_residual_global,0.95,Season,Monsoon,366,0.9918032786885246,0.041803278688524625,88.24124477390642,88.04489678876367,89.90831300703287
gaussian_residual_global,0.95,Season,Post-Monsoon,183,0.8633879781420765,-0.0866120218579235,89.73223813559623,91.5630617290526,154.4676377433723
gaussian_residual_global,0.95,Pollution_Regime,Low,245,0.9918367346938776,0.04183673469387761,87.61735893249039,86.86398019495468,89.1861819200622
gaussian_residual_global,0.95,Pollution_Regime,Moderate,330,0.9787878787878788,0.028787878787878807,89.62653674168301,91.56306172905258,98.16638737307485
gaussian_residual_global,0.95,Pollution_Regime,High,330,0.9212121212121213,-0.028787878787878696,89.68230658304742,91.5630617290526,136.60348443503062
gaussian_residual_global,0.95,Pollution_Regime,Extreme,191,0.8638743455497382,-0.08612565445026177,89.8376782378372,91.5630617290526,136.98973980344525
gaussian_residual_global,0.95,Extreme_Subset,Extreme_Episodes_ge_150,398,0.8894472361809045,-0.06055276381909547,89.75523843199646,91.5630617290526,141.3730458737042
naive_historical_error,0.8,Global,Overall_All_Folds,1096,0.8138686131386861,0.013868613138686037,52.447098550908244,52.77932845548716,77.7753867806241
naive_historical_error,0.8,Year,2022,365,0.8,0.0,52.77932845548717,52.77932845548716,84.20433800985434
naive_historical_error,0.8,Year,2023,365,0.8301369863013699,0.03013698630136985,52.77932845548718,52.77932845548716,71.41039006441117
naive_historical_error,0.8,Year,2024,366,0.8114754098360656,0.011475409836065542,51.78445420570984,51.784454205709835,77.71160700671341
naive_historical_error,0.8,Season,Winter,271,0.6715867158671587,-0.12841328413284137,52.445256290432795,52.77932845548719,100.44889790816411
naive_historical_error,0.8,Season,Summer,276,0.8731884057971014,0.0731884057971014,52.447703705561395,52.77932845548716,61.91468568551518
naive_historical_error,0.8,Season,Monsoon,366,0.9480874316939891,0.14808743169398908,52.447703705561395,52.77932845548716,56.899760295704645
naive_historical_error,0.8,Season,Post-Monsoon,183,0.6666666666666666,-0.13333333333333341,52.447703705561395,52.779328455487146,109.87107683618284
naive_historical_error,0.8,Pollution_Regime,Low,245,0.9795918367346939,0.1795918367346938,52.45041084637711,52.77932845548716,55.76964277251614
naive_historical_error,0.8,Pollution_Regime,Moderate,330,0.8666666666666667,0.06666666666666665,52.441674164653655,52.77932845548716,64.90568592545308
naive_historical_error,0.8,Pollution_Regime,High,330,0.7515151515151515,-0.048484848484848575,52.438659394199775,52.77932845548714,89.46764029531886
naive_historical_error,0.8,Pollution_Regime,Extreme,191,0.6178010471204188,-0.1821989528795812,52.46680251314876,52.77932845548719,108.03698313844416
naive_historical_error,0.8,Extreme_Subset,Extreme_Episodes_ge_150,398,0.678391959798995,-0.12160804020100502,52.45186984563584,52.77932845548719,101.67959201419289
naive_historical_error,0.9,Global,Overall_All_Folds,1096,0.9032846715328468,0.003284671532846728,69.31279257828577,69.97767597137408,96.77648577684562
naive_historical_error,0.9,Year,2022,365,0.8986301369863013,-0.00136986301369868,69.97767597137408,69.97767597137408,107.1184792967954
naive_historical_error,0.9,Year,2023,365,0.9260273972602739,0.02602739726027392,69.97767597137408,69.97767597137408,86.33262794525949
naive_historical_error,0.9,Year,2024,366,0.8852459016393442,-0.014754098360655776,67.98665903469434,67.98665903469434,96.8780717706906
naive_historical_error,0.9,Season,Winter,271,0.8081180811808119,-0.09188191881918817,69.30910570850378,69.97767597137408,123.10288772732717
naive_historical_error,0.9,Season,Summer,276,0.9710144927536232,0.07101449275362315,69.31400365914752,69.97767597137408,75.71089863777355
naive_historical_error,0.9,Season,Monsoon,366,0.9863387978142076,0.08633879781420761,69.3140036591475,69.97767597137408,72.5036008067623
naive_historical_error,0.9,Season,Post-Monsoon,183,0.7759562841530054,-0.12404371584699458,69.3140036591475,69.97767597137408,138.1072126667575
naive_historical_error,0.9,Pollution_Regime,Low,245,0.9836734693877551,0.0836734693877551,69.31942139230853,69.97767597137408,72.88538288701271
naive_historical_error,0.9,Pollution_Regime,Moderate,330,0.9575757575757575,0.0575757575757575,69.3019368898343,69.97767597137408,79.24569977861815
naive_historical_error,0.9,Pollution_Regime,High,330,0.8727272727272727,-0.027272727272727337,69.29590350517769,69.97767597137408,113.15430012677497
naive_historical_error,0.9,Pollution_Regime,Extreme,191,0.7591623036649214,-0.1408376963350786,69.35222562477311,69.97767597137408,129.4141865723819
naive_historical_error,0.9,Extreme_Subset,Extreme_Episodes_ge_150,398,0.8015075376884422,-0.09849246231155784,69.32234125100965,69.97767597137408,125.38336820182614
naive_historical_error,0.95,Global,Overall_All_Folds,1096,0.9625912408759124,0.012591240875912457,101.92186510757232,110.05169249390912,114.96296990979765
naive_historical_error,0.95,Year,2022,365,0.947945205479452,-0.002054794520547909,107.72643845673642,110.05169249390914,121.62004742473746
naive_historical_error,0.95,Year,2023,365,0.989041095890411,0.03904109589041105,107.37263251309435,110.05169249390914,113.4421445274761
naive_historical_error,0.95,Year,2024,366,0.9508196721311475,0.0008196721311475308,90.69727665003012,91.45075494408479,109.84075125295152
naive_historical_error,0.95,Season,Winter,271,0.9261992619926199,-0.02380073800738003,103.80562121334084,110.05169249390916,129.2014436924289
naive_historical_error,0.95,Season,Summer,276,0.9855072463768116,0.035507246376811685,103.85137997730102,110.05169249390913,106.37423599047229
naive_historical_error,0.95,Season,Monsoon,366,0.994535519125683,0.0445355191256831,98.10726065437899,97.28921217119195,98.45246680561576
naive_historical_error,0.95,Season,Post-Monsoon,183,0.9180327868852459,-0.031967213114754034,103.85137997730101,110.05169249390913,139.85208631838395
naive_historical_error,0.95,Pollution_Regime,Low,245,0.9959183673469387,0.04591836734693877,96.05762664957521,96.10829557738296,96.09094660831597
naive_historical_error,0.95,Pollution_Regime,Moderate,330,0.9787878787878788,0.028787878787878807,103.19174556226142,110.05169249390913,107.06574478297598
naive_historical_error,0.95,Pollution_Regime,High,330,0.9393939393939394,-0.010606060606060508,103.6822805450299,110.05169249390913,131.83741821241287
naive_historical_error,0.95,Pollution_Regime,Extreme,191,0.9319371727748691,-0.018062827225130862,104.20846603846691,110.05169249390917,123.66015347446313
naive_historical_error,0.95,Extreme_Subset,Extreme_Episodes_ge_150,398,0.9321608040201005,-0.01783919597989947,103.92927335062524,110.05169249390916,131.76700127708634
conditional_seasonal_residual,0.8,Global,Overall_All_Folds,1096,0.8038321167883211,0.0038321167883210716,54.74656310471442,46.72259076589788,73.06458749343663
conditional_seasonal_residual,0.8,Year,2022,365,0.7917808219178082,-0.008219178082191858,56.0124413677552,46.72259076589786,77.26463497220821
conditional_seasonal_residual,0.8,Year,2023,365,0.8246575342465754,0.024657534246575352,56.0124413677552,46.72259076589786,70.29906538923522
conditional_seasonal_residual,0.8,Year,2024,366,0.7950819672131147,-0.004918032786885296,52.221723946190444,47.51903314766693,71.633981587103
conditional_seasonal_residual,0.8,Season,Winter,271,0.8154981549815498,0.015498154981549717,70.87288174059515,72.1368015319358,96.22375599580353
conditional_seasonal_residual,0.8,Season,Summer,276,0.7971014492753623,-0.0028985507246377384,46.98807155982088,46.72259076589786,59.97418330810424
conditional_seasonal_residual,0.8,Season,Monsoon,366,0.8114754098360656,0.011475409836065542,37.176398635043576,37.8669832891641,48.89459994343234
conditional_seasonal_residual,0.8,Season,Post-Monsoon,183,0.7814207650273224,-0.01857923497267766,77.70717245972244,82.52424015763614,106.85164942956717
conditional_seasonal_residual,0.8,Pollution_Regime,Low,245,0.8979591836734694,0.09795918367346934,37.182036060791496,37.8669832891641,43.27052290830816
conditional_seasonal_residual,0.8,Pollution_Regime,Moderate,330,0.7727272727272727,-0.027272727272727337,45.119228330329825,46.72259076589786,59.55433033134822
conditional_seasonal_residual,0.8,Pollution_Regime,High,330,0.7818181818181819,-0.018181818181818188,66.66741483735834,68.37282061486634,93.28667917965187
conditional_seasonal_residual,0.8,Pollution_Regime,Extreme,191,0.774869109947644,-0.025130890052356025,73.31435645306802,72.13680153193582,99.68574157927237
conditional_seasonal_residual,0.8,Extreme_Subset,Extreme_Episodes_ge_150,398,0.8090452261306532,0.009045226130653172,73.5223494267518,72.13680153193582,99.78078033999444
conditional_seasonal_residual,0.9,Global,Overall_All_Folds,1096,0.9078467153284672,0.007846715328467146,71.36100388441996,56.535583499769984,85.69923869047277
conditional_seasonal_residual,0.9,Year,2022,365,0.8904109589041096,-0.009589041095890427,73.37444076662909,56.535583499769984,88.80334960249141
conditional_seasonal_residual,0.9,Year,2023,365,0.9205479452054794,0.020547945205479423,73.37444076662909,56.535583499769984,84.897714614194
conditional_seasonal_residual,0.9,Year,2024,366,0.912568306010929,0.012568306010928953,67.34513250733617,57.504275878290414,83.40294307559557
conditional_seasonal_residual,0.9,Season,Winter,271,0.9298892988929889,0.029889298892988858,103.2215300500189,110.86308836074147,116.2429679565851
conditional_seasonal_residual,0.9,Season,Summer,276,0.8985507246376812,-0.0014492753623188692,56.85848095927679,56.535583499769984,68.72173497113877
conditional_seasonal_residual,0.9,Season,Monsoon,366,0.8934426229508197,-0.006557377049180357,43.757870505854896,43.50801463228845,58.05282994276567
conditional_seasonal_residual,0.9,Season,Post-Monsoon,183,0.9180327868852459,0.0180327868852459,101.2584932451687,103.19248295466977,121.36604741768878
conditional_seasonal_residual,0.9,Pollution_Regime,Low,245,0.9551020408163265,0.055102040816326525,43.75583086607068,43.50801463228845,51.236006474938854
conditional_seasonal_residual,0.9,Pollution_Regime,Moderate,330,0.8878787878787879,-0.012121212121212088,54.81567206326817,56.535583499769984,68.35164465597785
conditional_seasonal_residual,0.9,Pollution_Regime,High,330,0.8757575757575757,-0.024242424242424288,90.10728228994282,97.39051382616648,113.56991593447805
conditional_seasonal_residual,0.9,Pollution_Regime,Extreme,191,0.93717277486911,0.03717277486910997,102.96809821244675,103.1924829546698,111.72475928558993
conditional_seasonal_residual,0.9,Extreme_Subset,Extreme_Episodes_ge_150,398,0.9346733668341709,0.03467336683417088,102.5733258120048,103.19248295466977,117.29551044393648
conditional_seasonal_residual,0.95,Global,Overall_All_Folds,1096,0.9507299270072993,0.0007299270072993469,81.82052816620144,62.00218051990768,96.79677160219556
conditional_seasonal_residual,0.95,Year,2022,365,0.9342465753424658,-0.015753424657534154,82.1716129231329,62.00218051990768,97.83935566408195
conditional_seasonal_residual,0.95,Year,2023,365,0.9561643835616438,0.006164383561643838,82.17161292313288,62.00218051990768,96.8705003098519
conditional_seasonal_residual,0.95,Year,2024,366,0.9617486338797814,0.011748633879781423,81.12027714827806,63.12963314873733,95.68350886754227
conditional_seasonal_residual,0.95,Season,Winter,271,0.9704797047970479,0.02047970479704797,119.05414133414347,121.31693598527107,128.34400157061015
conditional_seasonal_residual,0.95,Season,Summer,276,0.9492753623188406,-0.0007246376811593791,62.37799806285089,62.00218051990768,78.15810459313347
conditional_seasonal_residual,0.95,Season,Monsoon,366,0.9371584699453552,-0.012841530054644723,51.857804019348244,50.667548185204765,68.36551049945767
conditional_seasonal_residual,0.95,Season,Post-Monsoon,183,0.9508196721311475,0.0008196721311475308,115.93083514850056,117.8438195384037,135.05258764953354
conditional_seasonal_residual,0.95,Pollution_Regime,Low,245,0.9836734693877551,0.03367346938775517,51.84808764519197,50.667548185204765,62.640377691057864
conditional_seasonal_residual,0.95,Pollution_Regime,Moderate,330,0.9424242424242424,-0.007575757575757569,61.46204338285331,62.00218051990767,77.63556596693665
conditional_seasonal_residual,0.95,Pollution_Regime,High,330,0.9212121212121213,-0.028787878787878696,103.41692826992785,114.5782837824625,125.85182719991298
conditional_seasonal_residual,0.95,Pollution_Regime,Extreme,191,0.9738219895287958,0.023821989528795884,118.1280458202459,117.8438195384037,123.51586071537582
conditional_seasonal_residual,0.95,Extreme_Subset,Extreme_Episodes_ge_150,398,0.9673366834170855,0.017336683417085497,117.89811139522887,117.8438195384037,130.22603481969773
conditional_regime_residual,0.8,Global,Overall_All_Folds,1096,0.7983576642335767,-0.001642335766423364,51.77583632406162,46.761472709276475,70.87064890401457
conditional_regime_residual,0.8,Year,2022,365,0.7917808219178082,-0.008219178082191858,52.24913916930296,46.761472709276475,74.98533485870304
conditional_regime_residual,0.8,Year,2023,365,0.8246575342465754,0.024657534246575352,53.43317081863286,46.761472709276475,67.47006419993203
conditional_regime_residual,0.8,Year,2024,366,0.7786885245901639,-0.021311475409836134,49.65102039774582,45.45112464616598,70.1584987497218
conditional_regime_residual,0.8,Season,Winter,271,0.7896678966789668,-0.010332103321033292,68.13934740185918,57.737282625507305,93.89035566525887
conditional_regime_residual,0.8,Season,Summer,276,0.855072463768116,0.05507246376811592,48.31246504332353,46.761472709276475,57.45068281993884
conditional_regime_residual,0.8,Season,Monsoon,366,0.76775956284153,-0.032240437158470026,35.705589582948214,29.828568277829135,46.92456378078388
conditional_regime_residual,0.8,Season,Post-Monsoon,183,0.7868852459016393,-0.013114754098360715,64.90747172651015,57.73728262550728,104.91347547237596
conditional_regime_residual,0.8,Pollution_Regime,Low,245,0.763265306122449,-0.03673469387755102,29.612420315821353,29.828568277829135,41.37391496440207
conditional_regime_residual,0.8,Pollution_Regime,Moderate,330,0.8090909090909091,0.009090909090909038,46.316748518160175,46.761472709276475,59.060317154990635
conditional_regime_residual,0.8,Pollution_Regime,High,330,0.7818181818181819,-0.018181818181818188,55.903139968253065,54.948033423231266,89.00154772887294
conditional_regime_residual,0.8,Pollution_Regime,Extreme,191,0.8534031413612565,0.053403141361256456,82.50633734701017,88.27811942419186,97.78642209867272
conditional_regime_residual,0.8,Extreme_Subset,Extreme_Episodes_ge_150,398,0.8040201005025126,0.004020100502512558,68.67082925942063,57.737282625507305,96.24072510330123
conditional_regime_residual,0.9,Global,Overall_All_Folds,1096,0.9023722627737226,0.0023722627737226,67.65506237158434,53.33825812950503,84.88425314273148
conditional_regime_residual,0.9,Year,2022,365,0.8958904109589041,-0.004109589041095929,69.51401964969953,53.33825812950503,88.93553585879411
conditional_regime_residual,0.9,Year,2023,365,0.9232876712328767,0.023287671232876672,70.51431534234712,53.33825812950503,81.66451482322695
conditional_regime_residual,0.9,Year,2024,366,0.8879781420765027,-0.012021857923497303,62.94974340753935,53.2688623594582,84.05498072539896
conditional_regime_residual,0.9,Season,Winter,271,0.915129151291513,0.015129151291512932,92.8121685386377,89.3381593517864,111.15235884566626
conditional_regime_residual,0.9,Season,Summer,276,0.9202898550724637,0.020289855072463725,59.874793816446115,53.33825812950502,69.52472734419311
conditional_regime_residual,0.9,Season,Monsoon,366,0.9016393442622951,0.0016393442622950616,43.509754962322894,35.838091508063485,54.81061612543989
conditional_regime_residual,0.9,Season,Post-Monsoon,183,0.8579234972677595,-0.042076502732240506,90.42534030457,89.33815935178639,129.2969505374309
conditional_regime_residual,0.9,Pollution_Regime,Low,245,0.889795918367347,-0.010204081632653073,35.53416370737558,35.38405302532851,48.68034784282937
conditional_regime_residual,0.9,Pollution_Regime,Moderate,330,0.8878787878787879,-0.012121212121212088,53.314705625731555,53.33825812950502,68.21522748882182
conditional_regime_residual,0.9,Pollution_Regime,High,330,0.906060606060606,0.006060606060605989,85.17917680886292,89.33815935178637,112.95916396570313
conditional_regime_residual,0.9,Pollution_Regime,Extreme,191,0.93717277486911,0.03717277486910997,103.35652904467663,109.1086772852932,111.61731436098054
conditional_regime_residual,0.9,Extreme_Subset,Extreme_Episodes_ge_150,398,0.9120603015075377,0.012060301507537674,93.89887247716891,89.3381593517864,117.89910400256441
conditional_regime_residual,0.95,Global,Overall_All_Folds,1096,0.9516423357664233,0.001642335766423364,80.96808094386915,60.635332571753366,98.00096491684387
conditional_regime_residual,0.95,Year,2022,365,0.9452054794520548,-0.004794520547945158,82.72941580125534,58.911131677151566,99.92316142625366
conditional_regime_residual,0.95,Year,2023,365,0.9616438356164384,0.011643835616438447,83.17233491103619,58.911131677151566,96.16097136947549
conditional_regime_residual,0.95,Year,2024,366,0.9480874316939891,-0.0019125683060108312,77.0133270614595,60.63533257175338,97.91898655305938
conditional_regime_residual,0.95,Season,Winter,271,0.955719557195572,0.005719557195572045,112.25436844647454,116.29492246390834,127.77747829663124
conditional_regime_residual,0.95,Season,Summer,276,0.9637681159420289,0.01376811594202898,70.56549028494837,58.911131677151566,82.97045918596187
conditional_regime_residual,0.95,Season,Monsoon,366,0.9480874316939891,-0.0019125683060108312,50.32582141162179,41.95786312732978,65.55089920790267
conditional_regime_residual,0.95,Season,Post-Monsoon,183,0.9344262295081968,-0.015573770491803196,111.61069349828779,116.29492246390834,141.4747818855517
conditional_regime_residual,0.95,Pollution_Regime,Low,245,0.9428571428571428,-0.0071428571428571175,40.50977899540953,39.794566710741584,59.25485686313004
conditional_regime_residual,0.95,Pollution_Regime,Moderate,330,0.9363636363636364,-0.013636363636363558,59.49631501107702,58.911131677151566,78.6716939776388
conditional_regime_residual,0.95,Pollution_Regime,High,330,0.9636363636363636,0.013636363636363669,113.31956193631244,119.58787336881915,133.27589927107294
conditional_regime_residual,0.95,Pollution_Regime,Extreme,191,0.9685863874345549,0.018586387434554985,114.06744224066357,116.29492246390834,120.1513709179013
conditional_regime_residual,0.95,Extreme_Subset,Extreme_Episodes_ge_150,398,0.9623115577889447,0.012311557788944771,113.67303364136298,116.29492246390834,129.9929919493712
